TFs,E12.E11,E13.E12,E14.E13,,,,,,,,,,Gene,E12-E11,E13-12,E14-13
Sp8,-2.69,NA,NA,,,,,,,,,,Shh,-3.62,NA,NA
Bhlha9,-2.56,NA,-0.59,,,,,,,,,,Wnt9b,-2.89,NA,NA
Sall4,-2.43,-0.81,NA,,,,,,,,,,Frzb,-2.80,NA,NA
Lhx1,-2.39,NA,NA,,,,,,,,,,Sost,-2.64,NA,NA
Hoxc10,-2.23,NA,NA,,,,,,,,,,Fermt1,-2.34,NA,NA
Sall3,-2.13,-1.20,NA,,,,,,,,,,Cpa2,-2.18,-0.84,NA
Hoxc13,-2.08,NA,NA,,,,,,,,,,Krt9,-2.09,NA,NA
Lin28a,-2.02,NA,NA,,,,,,,,,,Srms,-2.09,NA,NA
Hoxc12,-1.98,NA,NA,,,,,,,,,,Rubie,-2.08,NA,NA
Emx1,-1.92,NA,NA,,,,,,,,,,Gja3,-1.98,-0.94,NA
Tbx22,-1.92,NA,NA,,,,,,,,,,Gpx2,-1.92,NA,NA
Evx1,-1.87,NA,NA,,,,,,,,,,Wnt7a,-1.92,NA,NA
Uncx,-1.84,NA,NA,,,,,,,,,,Crhr1,-1.92,NA,NA
Zic5,-1.84,-0.84,NA,,,,,,,,,,Pmaip1,-1.83,-0.79,NA
Tfap2c,-1.71,NA,NA,,,,,,,,,,BC046251,-1.78,NA,NA
Sox14,-1.63,NA,NA,,,,,,,,,,Hsd11b2,-1.77,-1.74,NA
Nkx1-1,-1.61,NA,NA,,,,,,,,,,Scn11a,-1.77,NA,NA
Nkx3-1,-1.53,NA,NA,,,,,,,,,,Clca3b,-1.75,NA,NA
Isl2,-1.52,NA,NA,,,,,,,,,,Trim71,-1.74,-1.01,NA
Zic2,-1.50,NA,NA,,,,,,,,,,Scn4b,-1.73,NA,NA
Hoxc11,-1.48,NA,NA,,,,,,,,,,5730457N03Rik,-1.69,NA,NA
Dmrta2,-1.42,NA,NA,,,,,,,,,,2610035F20Rik,-1.67,NA,NA
Rax,-1.39,NA,NA,,,,,,,,,,Mogat2,-1.64,-0.70,NA
Zic3,-1.37,NA,NA,,,,,,,,,,Rspo4,-1.60,NA,NA
T,-1.36,NA,NA,,,,,,,,,,Gm8994,-1.59,NA,NA
Grhl2,-1.32,NA,NA,,,,,,,,,,Pm20d1,-1.53,NA,NA
Foxb2,-1.32,NA,NA,,,,,,,,,,Asb4,-1.48,-0.87,-0.70
Dlx2,-1.31,NA,NA,,,,,,,,,,Acpp,-1.48,NA,NA
Zbtb16,-1.29,NA,NA,,,,,,,,,,Ctcflos,-1.47,NA,NA
Hoxa11,-1.27,NA,NA,,,,,,,,,,Cbln1,-1.46,-1.10,-1.13
Tulp2,-1.27,NA,NA,,,,,,,,,,Fgf8,-1.45,-1.17,NA
Lin28b,-1.25,-1.18,NA,,,,,,,,,,Cyp26b1,-1.42,NA,NA
Otx1,-1.19,NA,NA,,,,,,,,,,Vwde,-1.41,NA,NA
Arid3b,-1.19,-0.69,NA,,,,,,,,,,Dnajc6,-1.40,NA,NA
Mycn,-1.19,NA,-0.77,,,,,,,,,,Greb1,-1.39,NA,-0.66
Hoxd9,-1.18,NA,NA,,,,,,,,,,Dnah11,-1.39,NA,NA
Sp6,-1.16,NA,NA,,,,,,,,,,Ano9,-1.38,NA,NA
Zscan10,-1.14,NA,NA,,,,,,,,,,4930412O13Rik,-1.38,NA,NA
Sall1,-1.12,NA,-0.64,,,,,,,,,,Fbxo41,-1.37,NA,NA
Nr0b1,-1.12,NA,NA,,,,,,,,,,Kdf1,-1.36,NA,NA
Etv4,-1.11,NA,-0.60,,,,,,,,,,Rassf9,-1.35,NA,NA
Zic4,-0.98,NA,NA,,,,,,,,,,Dlx1as,-1.33,NA,NA
Dmbx1,-0.96,NA,NA,,,,,,,,,,Sct,-1.32,NA,NA
Elf3,-0.95,NA,NA,,,,,,,,,,Cyp26c1,-1.31,NA,NA
Mybl1,-0.95,NA,NA,,,,,,,,,,Cecr2,-1.30,NA,NA
Pax9,-0.92,-0.61,NA,,,,,,,,,,Car8,-1.30,NA,NA
Zfp819,-0.90,NA,NA,,,,,,,,,,Atp6v1g3,-1.30,-1.53,NA
Lhx9,-0.90,-0.82,-1.02,,,,,,,,,,Astl,-1.29,NA,NA
Hoxa10,-0.90,NA,NA,,,,,,,,,,Mab21l2,-1.29,-0.89,-0.69
Insm1,-0.89,NA,NA,,,,,,,,,,Tns4,-1.26,NA,NA
Hand2,-0.89,-0.68,NA,,,,,,,,,,Slc4a9,-1.26,NA,NA
Trps1,-0.88,NA,NA,,,,,,,,,,Qrfp,-1.26,NA,NA
Hoxa9,-0.88,NA,-0.54,,,,,,,,,,Megf11,-1.24,NA,-0.64
Mnx1,-0.87,NA,NA,,,,,,,,,,Egfem1,-1.24,NA,NA
Foxc2,-0.84,NA,NA,,,,,,,,,,Lmo1,-1.24,NA,NA
Hoxa6,-0.84,-0.94,NA,,,,,,,,,,Lrtm2,-1.23,NA,NA
Pou2f1,-0.83,NA,NA,,,,,,,,,,Phactr3,-1.23,-0.72,NA
Aff2,-0.82,NA,NA,,,,,,,,,,Acpt,-1.22,NA,NA
Gm10778,-0.81,NA,NA,,,,,,,,,,Gm5577,-1.22,NA,NA
Hoxd10,-0.81,NA,NA,,,,,,,,,,D030045P18Rik,-1.22,NA,NA
Mecom,-0.80,-0.68,-0.92,,,,,,,,,,Dusp15,-1.22,NA,NA
Six4,-0.79,-0.76,NA,,,,,,,,,,Mir196b,-1.21,NA,NA
Hey1,-0.76,-0.78,NA,,,,,,,,,,Pde6a,-1.21,NA,NA
Mlxipl,-0.75,NA,-0.74,,,,,,,,,,Gm2762,-1.20,NA,NA
Pou4f1,-0.75,NA,NA,,,,,,,,,,Ttll10,-1.19,NA,NA
Foxc1,-0.74,NA,NA,,,,,,,,,,Igfbpl1,-1.19,-0.72,NA
Zfp473,-0.73,NA,NA,,,,,,,,,,Fam181b,-1.18,NA,NA
Gata3,-0.72,NA,NA,,,,,,,,,,Glt1d1,-1.17,NA,NA
Hoxd11,-0.71,NA,-0.67,,,,,,,,,,Plch2,-1.17,NA,NA
Fli1,-0.71,NA,NA,,,,,,,,,,Ifitm7,-1.16,NA,NA
Rcor2,-0.70,NA,NA,,,,,,,,,,Unc5b,-1.16,NA,NA
Prdm14,-0.69,NA,NA,,,,,,,,,,Dusp9,-1.15,-0.54,-0.79
Alx4,-0.68,NA,NA,,,,,,,,,,Stra6l,-1.15,NA,NA
Zik1,-0.67,-0.55,-0.60,,,,,,,,,,Gpr87,-1.14,NA,NA
E2f7,-0.67,NA,NA,,,,,,,,,,Gm2694,-1.14,NA,NA
Zfp457,-0.64,NA,NA,,,,,,,,,,Ablim2,-1.13,NA,NA
Gsc,-0.63,-0.82,NA,,,,,,,,,,Ntf5,-1.13,NA,NA
Prdm16,-0.62,-0.64,-0.76,,,,,,,,,,BC051628,-1.13,NA,NA
Msx2,-0.62,NA,NA,,,,,,,,,,Spag16,-1.13,NA,NA
Etv5,-0.61,NA,NA,,,,,,,,,,Plcxd3,-1.11,NA,NA
Mbd4,-0.61,NA,NA,,,,,,,,,,Fam83b,-1.11,NA,NA
Hic2,-0.60,NA,NA,,,,,,,,,,Fignl2,-1.10,-0.50,NA
Mis18bp1,-0.60,NA,NA,,,,,,,,,,Ccdc150,-1.10,NA,NA
Hoxd4,-0.60,NA,NA,,,,,,,,,,Clca1,-1.09,NA,NA
Zbtb26,-0.58,NA,NA,,,,,,,,,,Lgals12,-1.08,NA,NA
Zfp101,-0.58,NA,-0.56,,,,,,,,,,Gldc,-1.07,-0.80,NA
Osr2,-0.57,NA,NA,,,,,,,,,,Rassf10,-1.07,NA,NA
Zfp354b,-0.57,NA,NA,,,,,,,,,,Cdcp1,-1.07,NA,NA
Sp4,-0.57,NA,NA,,,,,,,,,,Pla2g4c,-1.06,NA,NA
Zfp113,-0.56,NA,NA,,,,,,,,,,Unc80,-1.06,NA,NA
Sox5,-0.55,NA,NA,,,,,,,,,,Lypd6b,-1.06,NA,NA
Zfp459,-0.55,NA,NA,,,,,,,,,,Igdcc3,-1.04,-1.08,NA
Zbtb12,-0.55,NA,NA,,,,,,,,,,Sgpp2,-1.03,NA,NA
Hmga1,-0.55,NA,NA,,,,,,,,,,Wnt7b,-1.03,NA,NA
Zfp41,-0.54,NA,NA,,,,,,,,,,Frmd7,-1.03,NA,NA
Hmgb3,-0.54,NA,-0.63,,,,,,,,,,4933413G19Rik,-1.03,NA,NA
Zfp664,-0.53,NA,NA,,,,,,,,,,1500004A13Rik,-1.02,NA,NA
Rag1,-0.52,-1.05,NA,,,,,,,,,,Gm3716,-1.02,NA,NA
Rfx3,-0.52,NA,NA,,,,,,,,,,Ralyl,-1.01,NA,NA
Zfp946,-0.52,NA,-0.55,,,,,,,,,,Chrdl1,-1.01,NA,NA
Dlx5,-0.52,NA,NA,,,,,,,,,,5930403L14Rik,-1.01,-0.65,-0.95
Prrx1,-0.52,NA,NA,,,,,,,,,,F5,-1.01,NA,NA
Zbtb39,-0.52,NA,NA,,,,,,,,,,Dnajc22,-1.01,NA,NA
Zfp760,-0.51,NA,-0.53,,,,,,,,,,Crhbp,-1.01,NA,NA
Gabpb1,-0.51,NA,NA,,,,,,,,,,Hemgn,-1.01,NA,NA
Sox11,-0.51,NA,-0.99,,,,,,,,,,Glra2,-1.00,NA,NA
Patz1,-0.51,NA,NA,,,,,,,,,,Zpld1,-0.99,NA,NA
Pbx3,-0.51,NA,NA,,,,,,,,,,Pkd2l2,-0.99,NA,NA
,,,,,,,,,,,,,Cabp1,-0.99,NA,NA
,,,,,,,,,,,,,D030068K23Rik,-0.97,NA,NA
,,,,,,,,,,,,,Fcrl6,-0.97,NA,NA
,,,,,,,,,,,,,Itga3,-0.97,NA,NA
,,,,,,,,,,,,,Cwc22,-0.97,NA,-1.02
,,,,,,,,,,,,,F2rl2,-0.97,NA,NA
,,,,,,,,,,,,,Fndc3c1,-0.97,-0.85,-0.62
,,,,,,,,,,,,,Gm3002,-0.97,NA,NA
,,,,,,,,,,,,,Gulo,-0.97,-0.71,NA
,,,,,,,,,,,,,Slc4a5,-0.96,NA,NA
,,,,,,,,,,,,,Art5,-0.96,-0.66,NA
,,,,,,,,,,,,,Nrp2,-0.95,NA,NA
,,,,,,,,,,,,,Gp5,-0.95,NA,NA
,,,,,,,,,,,,,Ttc25,-0.95,NA,NA
,,,,,,,,,,,,,Hmgcll1,-0.94,NA,NA
,,,,,,,,,,,,,Ripk4,-0.94,NA,NA
,,,,,,,,,,,,,Mas1,-0.93,NA,NA
,,,,,,,,,,,,,Drc7,-0.93,NA,NA
,,,,,,,,,,,,,Acvr2b,-0.93,NA,NA
,,,,,,,,,,,,,Grid2ip,-0.92,NA,NA
,,,,,,,,,,,,,Mst1,-0.92,NA,NA
,,,,,,,,,,,,,Ly6g6f,-0.92,NA,NA
,,,,,,,,,,,,,Fign,-0.92,NA,NA
,,,,,,,,,,,,,Vwa2,-0.92,NA,NA
,,,,,,,,,,,,,Ffar4,-0.91,NA,NA
,,,,,,,,,,,,,Ano3,-0.91,NA,NA
,,,,,,,,,,,,,Aqp8,-0.91,NA,NA
,,,,,,,,,,,,,Iqch,-0.91,NA,NA
,,,,,,,,,,,,,Lrp2bp,-0.91,NA,NA
,,,,,,,,,,,,,Nat1,-0.91,NA,NA
,,,,,,,,,,,,,Ttpa,-0.90,NA,NA
,,,,,,,,,,,,,Naaladl1,-0.90,NA,NA
,,,,,,,,,,,,,Myo1a,-0.90,NA,NA
,,,,,,,,,,,,,Ptk6,-0.90,NA,NA
,,,,,,,,,,,,,Cfap70,-0.90,NA,NA
,,,,,,,,,,,,,D630033O11Rik,-0.90,NA,NA
,,,,,,,,,,,,,Gm16576,-0.90,NA,NA
,,,,,,,,,,,,,Mcf2,-0.89,NA,NA
,,,,,,,,,,,,,BB557941,-0.88,NA,NA
,,,,,,,,,,,,,Grin2c,-0.88,NA,-0.78
,,,,,,,,,,,,,Cyp26a1,-0.88,NA,NA
,,,,,,,,,,,,,Ly75,-0.88,NA,NA
,,,,,,,,,,,,,Tdo2,-0.87,NA,NA
,,,,,,,,,,,,,Cd59b,-0.87,NA,NA
,,,,,,,,,,,,,Chrm1,-0.87,NA,NA
,,,,,,,,,,,,,Kcnj2,-0.86,-0.51,NA
,,,,,,,,,,,,,Ppargc1a,-0.86,NA,NA
,,,,,,,,,,,,,Slc35f2,-0.86,NA,NA
,,,,,,,,,,,,,Tmem229a,-0.86,NA,NA
,,,,,,,,,,,,,Uroc1,-0.86,NA,NA
,,,,,,,,,,,,,Hottip,-0.86,NA,-0.75
,,,,,,,,,,,,,Gyltl1b,-0.86,NA,NA
,,,,,,,,,,,,,Scube1,-0.86,NA,NA
,,,,,,,,,,,,,Gm25500,-0.86,NA,NA
,,,,,,,,,,,,,Mir335,-0.85,NA,NA
,,,,,,,,,,,,,Sptbn2,-0.85,-0.97,NA
,,,,,,,,,,,,,Ccdc177,-0.85,-0.92,NA
,,,,,,,,,,,,,Map3k9,-0.85,NA,NA
,,,,,,,,,,,,,6030408B16Rik,-0.85,NA,NA
,,,,,,,,,,,,,Atf7ip2,-0.85,NA,NA
,,,,,,,,,,,,,Plcxd1,-0.84,NA,NA
,,,,,,,,,,,,,Psg23,-0.84,NA,NA
,,,,,,,,,,,,,Pcnxl2,-0.84,NA,NA
,,,,,,,,,,,,,Gm7444,-0.84,NA,NA
,,,,,,,,,,,,,Adhfe1,-0.84,NA,NA
,,,,,,,,,,,,,Ap1m2,-0.84,NA,NA
,,,,,,,,,,,,,Amt,-0.84,NA,NA
,,,,,,,,,,,,,Clmn,-0.83,NA,NA
,,,,,,,,,,,,,Ttbk1,-0.83,-0.82,NA
,,,,,,,,,,,,,Mir140,-0.83,NA,NA
,,,,,,,,,,,,,Tanc1,-0.83,NA,-0.53
,,,,,,,,,,,,,Ckmt1,-0.83,NA,NA
,,,,,,,,,,,,,Wnt8a,-0.83,NA,NA
,,,,,,,,,,,,,Cxxc5,-0.83,NA,NA
,,,,,,,,,,,,,2610318N02Rik,-0.82,-0.70,NA
,,,,,,,,,,,,,Prss41,-0.82,NA,NA
,,,,,,,,,,,,,Ccdc103,-0.82,NA,NA
,,,,,,,,,,,,,Fgf4,-0.82,NA,NA
,,,,,,,,,,,,,Jag1,-0.82,NA,NA
,,,,,,,,,,,,,Bmp4,-0.82,NA,NA
,,,,,,,,,,,,,Coro6,-0.82,NA,NA
,,,,,,,,,,,,,D930020B18Rik,-0.81,NA,NA
,,,,,,,,,,,,,Cntd1,-0.81,NA,NA
,,,,,,,,,,,,,Hfm1,-0.81,NA,NA
,,,,,,,,,,,,,Gm16702,-0.81,NA,NA
,,,,,,,,,,,,,4930590J08Rik,-0.81,NA,NA
,,,,,,,,,,,,,Gja1,-0.81,NA,NA
,,,,,,,,,,,,,Ccdc109b,-0.81,NA,NA
,,,,,,,,,,,,,Dnaaf3,-0.81,-0.50,NA
,,,,,,,,,,,,,Nudt10,-0.81,NA,-0.70
,,,,,,,,,,,,,Gmnc,-0.80,NA,NA
,,,,,,,,,,,,,Etohd2,-0.80,NA,NA
,,,,,,,,,,,,,Galnt5,-0.80,NA,NA
,,,,,,,,,,,,,Lix1,-0.80,NA,NA
,,,,,,,,,,,,,LOC100861615,-0.80,NA,NA
,,,,,,,,,,,,,Cnksr1,-0.80,NA,NA
,,,,,,,,,,,,,Katnal2,-0.80,NA,NA
,,,,,,,,,,,,,Xist,-0.80,NA,NA
,,,,,,,,,,,,,Car14,-0.80,-0.87,-1.08
,,,,,,,,,,,,,Slc25a21,-0.80,NA,NA
,,,,,,,,,,,,,Acer2,-0.80,NA,NA
,,,,,,,,,,,,,Elovl2,-0.79,-0.53,-0.70
,,,,,,,,,,,,,Gm5796,-0.79,NA,NA
,,,,,,,,,,,,,Ube2t,-0.79,NA,NA
,,,,,,,,,,,,,Sned1,-0.79,NA,NA
,,,,,,,,,,,,,Spag17,-0.79,NA,NA
,,,,,,,,,,,,,Dnase1l2,-0.79,NA,NA
,,,,,,,,,,,,,Slc25a13,-0.78,-0.51,NA
,,,,,,,,,,,,,Aard,-0.78,NA,NA
,,,,,,,,,,,,,Ccdc163,-0.78,NA,NA
,,,,,,,,,,,,,Lpin3,-0.78,NA,NA
,,,,,,,,,,,,,Aldh1a7,-0.78,NA,NA
,,,,,,,,,,,,,4632427E13Rik,-0.78,NA,NA
,,,,,,,,,,,,,Ttc21a,-0.77,NA,NA
,,,,,,,,,,,,,Rasgef1b,-0.77,-1.30,NA
,,,,,,,,,,,,,Ccnjl,-0.77,NA,NA
,,,,,,,,,,,,,Fam69c,-0.77,NA,NA
,,,,,,,,,,,,,LOC102636514,-0.77,-0.60,-0.75
,,,,,,,,,,,,,Mycbpap,-0.77,-0.52,NA
,,,,,,,,,,,,,5730480H06Rik,-0.77,NA,NA
,,,,,,,,,,,,,Abhd3,-0.77,NA,NA
,,,,,,,,,,,,,Exph5,-0.77,NA,NA
,,,,,,,,,,,,,2610020C07Rik,-0.76,NA,NA
,,,,,,,,,,,,,Kcnip2,-0.76,NA,NA
,,,,,,,,,,,,,Dnm3os,-0.76,NA,NA
,,,,,,,,,,,,,Lmntd2,-0.76,-0.67,NA
,,,,,,,,,,,,,Slc4a8,-0.76,NA,-0.53
,,,,,,,,,,,,,Ccdc151,-0.76,NA,NA
,,,,,,,,,,,,,Snhg14,-0.76,NA,NA
,,,,,,,,,,,,,Wwp2,-0.76,NA,NA
,,,,,,,,,,,,,Chd7,-0.76,NA,NA
,,,,,,,,,,,,,Peg10,-0.76,NA,NA
,,,,,,,,,,,,,Mab21l1,-0.75,-0.83,NA
,,,,,,,,,,,,,T2,-0.75,NA,NA
,,,,,,,,,,,,,Gm11944,-0.75,NA,NA
,,,,,,,,,,,,,Cep97,-0.75,NA,NA
,,,,,,,,,,,,,Lrba,-0.75,NA,NA
,,,,,,,,,,,,,Spata18,-0.75,NA,NA
,,,,,,,,,,,,,Igf2bp1,-0.75,NA,NA
,,,,,,,,,,,,,Cldn9,-0.75,NA,NA
,,,,,,,,,,,,,Rspo2,-0.74,NA,NA
,,,,,,,,,,,,,Has3,-0.74,NA,NA
,,,,,,,,,,,,,Slc14a2,-0.74,NA,NA
,,,,,,,,,,,,,BC064078,-0.74,NA,NA
,,,,,,,,,,,,,Eldr,-0.74,NA,NA
,,,,,,,,,,,,,Cth,-0.74,NA,NA
,,,,,,,,,,,,,Pdgfc,-0.74,NA,-0.61
,,,,,,,,,,,,,Gm3558,-0.74,NA,-0.72
,,,,,,,,,,,,,Tmem194,-0.74,NA,NA
,,,,,,,,,,,,,Ppp1r36,-0.74,NA,NA
,,,,,,,,,,,,,2810410L24Rik,-0.74,NA,NA
,,,,,,,,,,,,,Ces2f,-0.73,NA,NA
,,,,,,,,,,,,,Draxin,-0.73,-0.91,-0.62
,,,,,,,,,,,,,Lrguk,-0.73,NA,NA
,,,,,,,,,,,,,Gdf11,-0.73,NA,NA
,,,,,,,,,,,,,Jpx,-0.73,NA,NA
,,,,,,,,,,,,,Eme1,-0.73,NA,NA
,,,,,,,,,,,,,Plxnb1,-0.73,NA,NA
,,,,,,,,,,,,,Krtcap3,-0.72,NA,NA
,,,,,,,,,,,,,Plch1,-0.72,NA,-0.80
,,,,,,,,,,,,,Smoc1,-0.72,NA,NA
,,,,,,,,,,,,,Rps6ka6,-0.72,-0.52,-0.80
,,,,,,,,,,,,,Mir17hg,-0.72,NA,NA
,,,,,,,,,,,,,Bbs10,-0.72,NA,NA
,,,,,,,,,,,,,Rhov,-0.72,NA,NA
,,,,,,,,,,,,,Macc1,-0.72,NA,NA
,,,,,,,,,,,,,Snord58b,-0.72,NA,NA
,,,,,,,,,,,,,Clcn1,-0.71,NA,NA
,,,,,,,,,,,,,Noxred1,-0.71,NA,NA
,,,,,,,,,,,,,BC006965,-0.71,NA,NA
,,,,,,,,,,,,,Ssc4d,-0.71,NA,NA
,,,,,,,,,,,,,Cadps2,-0.70,NA,-0.76
,,,,,,,,,,,,,Xkr5,-0.70,NA,NA
,,,,,,,,,,,,,Igsf9,-0.70,NA,NA
,,,,,,,,,,,,,Prtg,-0.70,NA,NA
,,,,,,,,,,,,,Slc39a2,-0.70,NA,NA
,,,,,,,,,,,,,Rrm2,-0.70,NA,NA
,,,,,,,,,,,,,Suv39h2,-0.70,NA,NA
,,,,,,,,,,,,,Mapk12,-0.70,NA,NA
,,,,,,,,,,,,,Ptch1,-0.70,NA,NA
,,,,,,,,,,,,,Dicer1,-0.70,NA,NA
,,,,,,,,,,,,,Cend1,-0.70,-0.76,-0.70
,,,,,,,,,,,,,AA543186,-0.69,NA,NA
,,,,,,,,,,,,,4930558J18Rik,-0.69,NA,NA
,,,,,,,,,,,,,Fzd10,-0.69,NA,NA
,,,,,,,,,,,,,Rad54l,-0.69,NA,NA
,,,,,,,,,,,,,Kif6,-0.69,NA,NA
,,,,,,,,,,,,,Samd12,-0.69,NA,NA
,,,,,,,,,,,,,Nudt11,-0.69,NA,NA
,,,,,,,,,,,,,Sapcd2,-0.69,NA,NA
,,,,,,,,,,,,,Mreg,-0.69,NA,NA
,,,,,,,,,,,,,Gucy1a2,-0.68,NA,NA
,,,,,,,,,,,,,F2rl3,-0.68,NA,NA
,,,,,,,,,,,,,E030030I06Rik,-0.68,NA,NA
,,,,,,,,,,,,,Kbtbd8,-0.68,NA,NA
,,,,,,,,,,,,,Oip5,-0.68,NA,NA
,,,,,,,,,,,,,Nim1k,-0.68,NA,NA
,,,,,,,,,,,,,AI506816,-0.68,NA,NA
,,,,,,,,,,,,,Gdap10,-0.67,NA,NA
,,,,,,,,,,,,,Msi2,-0.67,NA,NA
,,,,,,,,,,,,,Lrrc56,-0.67,NA,NA
,,,,,,,,,,,,,Sass6,-0.67,NA,NA
,,,,,,,,,,,,,Kbtbd6,-0.67,NA,NA
,,,,,,,,,,,,,Ccnj,-0.67,NA,NA
,,,,,,,,,,,,,Robo2,-0.67,NA,NA
,,,,,,,,,,,,,Gm14827,-0.67,NA,NA
,,,,,,,,,,,,,4930426D05Rik,-0.67,NA,NA
,,,,,,,,,,,,,Cacna1b,-0.67,NA,NA
,,,,,,,,,,,,,Col18a1,-0.67,NA,NA
,,,,,,,,,,,,,Map6,-0.67,NA,NA
,,,,,,,,,,,,,Sgsm1,-0.67,NA,NA
,,,,,,,,,,,,,Aspm,-0.67,NA,NA
,,,,,,,,,,,,,Zfp85os,-0.67,NA,NA
,,,,,,,,,,,,,Cenpw,-0.67,NA,NA
,,,,,,,,,,,,,B130034C11Rik,-0.66,NA,NA
,,,,,,,,,,,,,Zwilch,-0.66,NA,NA
,,,,,,,,,,,,,Senp8,-0.66,NA,NA
,,,,,,,,,,,,,Acot11,-0.66,NA,NA
,,,,,,,,,,,,,Hist1h1b,-0.66,NA,NA
,,,,,,,,,,,,,Pclo,-0.66,NA,NA
,,,,,,,,,,,,,Frem2,-0.66,NA,NA
,,,,,,,,,,,,,Zswim5,-0.66,-0.59,NA
,,,,,,,,,,,,,Gm10416,-0.66,NA,NA
,,,,,,,,,,,,,Ccp110,-0.66,NA,NA
,,,,,,,,,,,,,Rarres1,-0.66,NA,NA
,,,,,,,,,,,,,Pif1,-0.66,NA,NA
,,,,,,,,,,,,,Cep126,-0.65,NA,NA
,,,,,,,,,,,,,Cbx2,-0.65,-0.68,-0.54
,,,,,,,,,,,,,Fam199x,-0.65,NA,NA
,,,,,,,,,,,,,Exo1,-0.65,NA,NA
,,,,,,,,,,,,,Espl1,-0.65,NA,NA
,,,,,,,,,,,,,Tspan12,-0.65,NA,NA
,,,,,,,,,,,,,Mroh7,-0.65,NA,NA
,,,,,,,,,,,,,Mllt3,-0.65,NA,NA
,,,,,,,,,,,,,Kcne3,-0.65,NA,NA
,,,,,,,,,,,,,Dna2,-0.65,NA,NA
,,,,,,,,,,,,,Wnk4,-0.65,NA,NA
,,,,,,,,,,,,,Atp8b3,-0.64,NA,NA
,,,,,,,,,,,,,Ttll4,-0.64,NA,NA
,,,,,,,,,,,,,Ninl,-0.64,NA,NA
,,,,,,,,,,,,,Atp11c,-0.64,NA,NA
,,,,,,,,,,,,,Cd24a,-0.64,-0.73,-0.68
,,,,,,,,,,,,,Hoxa11os,-0.64,NA,NA
,,,,,,,,,,,,,Pgbd1,-0.64,NA,-0.58
,,,,,,,,,,,,,Cdca2,-0.64,NA,NA
,,,,,,,,,,,,,Slc7a11,-0.64,NA,-0.92
,,,,,,,,,,,,,Slc2a4rg-ps,-0.64,NA,NA
,,,,,,,,,,,,,Adat1,-0.64,NA,NA
,,,,,,,,,,,,,Fzd3,-0.64,NA,-0.55
,,,,,,,,,,,,,Bahcc1,-0.64,NA,NA
,,,,,,,,,,,,,5530601H04Rik,-0.64,NA,NA
,,,,,,,,,,,,,Aunip,-0.64,NA,NA
,,,,,,,,,,,,,Cnksr2,-0.63,NA,NA
,,,,,,,,,,,,,Cenpf,-0.63,NA,NA
,,,,,,,,,,,,,Mphosph9,-0.63,NA,NA
,,,,,,,,,,,,,H2-Q5,-0.63,NA,NA
,,,,,,,,,,,,,Dusp6,-0.63,NA,NA
,,,,,,,,,,,,,Klhl3,-0.63,NA,NA
,,,,,,,,,,,,,Spag5,-0.63,NA,NA
,,,,,,,,,,,,,Slmo1,-0.63,NA,-0.74
,,,,,,,,,,,,,Mir3064,-0.63,NA,NA
,,,,,,,,,,,,,Fgd6,-0.63,NA,NA
,,,,,,,,,,,,,Gm16023,-0.63,NA,NA
,,,,,,,,,,,,,Glcci1,-0.62,-0.50,NA
,,,,,,,,,,,,,St6gal2,-0.62,-1.06,NA
,,,,,,,,,,,,,Epha1,-0.62,NA,NA
,,,,,,,,,,,,,Fanci,-0.62,NA,NA
,,,,,,,,,,,,,Blm,-0.62,NA,NA
,,,,,,,,,,,,,Depdc1a,-0.62,NA,-0.55
,,,,,,,,,,,,,Gen1,-0.62,NA,NA
,,,,,,,,,,,,,Cdc14b,-0.62,NA,NA
,,,,,,,,,,,,,Lrrc51,-0.62,NA,NA
,,,,,,,,,,,,,Lpar2,-0.62,NA,NA
,,,,,,,,,,,,,Mcm10,-0.62,NA,NA
,,,,,,,,,,,,,Ect2,-0.62,NA,NA
,,,,,,,,,,,,,G2e3,-0.62,NA,NA
,,,,,,,,,,,,,Neil2,-0.62,NA,NA
,,,,,,,,,,,,,Phtf1os,-0.62,NA,NA
,,,,,,,,,,,,,Abhd6,-0.62,NA,NA
,,,,,,,,,,,,,Fancd2,-0.62,NA,NA
,,,,,,,,,,,,,Npm2,-0.62,NA,NA
,,,,,,,,,,,,,Psrc1,-0.62,NA,NA
,,,,,,,,,,,,,Sh3d19,-0.62,NA,NA
,,,,,,,,,,,,,4933408B17Rik,-0.61,NA,NA
,,,,,,,,,,,,,Casd1,-0.61,NA,NA
,,,,,,,,,,,,,Msi1,-0.61,-0.51,-0.54
,,,,,,,,,,,,,Bbs1,-0.61,NA,NA
,,,,,,,,,,,,,Cyb561,-0.61,NA,NA
,,,,,,,,,,,,,A230072C01Rik,-0.61,NA,NA
,,,,,,,,,,,,,Wdr54,-0.61,NA,NA
,,,,,,,,,,,,,Esco2,-0.61,NA,NA
,,,,,,,,,,,,,Sgol1,-0.60,NA,NA
,,,,,,,,,,,,,Acvr1b,-0.60,NA,NA
,,,,,,,,,,,,,4930503L19Rik,-0.60,NA,NA
,,,,,,,,,,,,,Efcab12,-0.60,NA,NA
,,,,,,,,,,,,,Pnldc1,-0.60,NA,NA
,,,,,,,,,,,,,Epha7,-0.60,NA,NA
,,,,,,,,,,,,,5033428I22Rik,-0.60,NA,NA
,,,,,,,,,,,,,Mir186,-0.60,NA,NA
,,,,,,,,,,,,,Rbfox3,-0.60,-1.27,NA
,,,,,,,,,,,,,Glb1l2,-0.60,NA,NA
,,,,,,,,,,,,,Aspg,-0.60,NA,NA
,,,,,,,,,,,,,Taf4b,-0.60,NA,NA
,,,,,,,,,,,,,Rem2,-0.60,-0.65,NA
,,,,,,,,,,,,,Map7d2,-0.60,NA,NA
,,,,,,,,,,,,,Ccnf,-0.60,NA,NA
,,,,,,,,,,,,,Ptprf,-0.60,NA,NA
,,,,,,,,,,,,,Tmod4,-0.60,NA,NA
,,,,,,,,,,,,,Trim59,-0.59,NA,-0.66
,,,,,,,,,,,,,Sdsl,-0.59,-0.97,NA
,,,,,,,,,,,,,Pask,-0.59,NA,NA
,,,,,,,,,,,,,Bora,-0.59,NA,NA
,,,,,,,,,,,,,Pdgfa,-0.59,NA,NA
,,,,,,,,,,,,,Pole,-0.59,NA,NA
,,,,,,,,,,,,,Fras1,-0.59,NA,NA
,,,,,,,,,,,,,Rdh5,-0.59,NA,NA
,,,,,,,,,,,,,Polq,-0.59,NA,NA
,,,,,,,,,,,,,Top2a,-0.59,NA,NA
,,,,,,,,,,,,,Kif2c,-0.59,NA,NA
,,,,,,,,,,,,,Zranb3,-0.59,NA,NA
,,,,,,,,,,,,,AI450353,-0.58,NA,NA
,,,,,,,,,,,,,Mutyh,-0.58,NA,NA
,,,,,,,,,,,,,E330009J07Rik,-0.58,NA,NA
,,,,,,,,,,,,,Olfr613,-0.58,NA,NA
,,,,,,,,,,,,,1600002H07Rik,-0.58,NA,NA
,,,,,,,,,,,,,Fam60a,-0.58,-0.66,-0.52
,,,,,,,,,,,,,4930451G09Rik,-0.58,NA,NA
,,,,,,,,,,,,,Slc3a1,-0.58,NA,NA
,,,,,,,,,,,,,Ttk,-0.58,NA,NA
,,,,,,,,,,,,,Hjurp,-0.58,NA,NA
,,,,,,,,,,,,,Brca1,-0.58,NA,NA
,,,,,,,,,,,,,Ccne2,-0.58,NA,NA
,,,,,,,,,,,,,Pfas,-0.58,NA,NA
,,,,,,,,,,,,,Syne2,-0.58,NA,NA
,,,,,,,,,,,,,Rpl34,-0.58,NA,NA
,,,,,,,,,,,,,BC055324,-0.57,NA,NA
,,,,,,,,,,,,,Cx3cl1,-0.57,NA,NA
,,,,,,,,,,,,,Myh15,-0.57,NA,NA
,,,,,,,,,,,,,Rragb,-0.57,-0.54,NA
,,,,,,,,,,,,,Dlec1,-0.57,NA,NA
,,,,,,,,,,,,,Bub1,-0.57,NA,NA
,,,,,,,,,,,,,Kif26b,-0.57,-0.66,-0.77
,,,,,,,,,,,,,Wdr90,-0.57,NA,NA
,,,,,,,,,,,,,Cdca7l,-0.57,NA,NA
,,,,,,,,,,,,,Mpp7,-0.57,NA,NA
,,,,,,,,,,,,,Mcm8,-0.57,NA,NA
,,,,,,,,,,,,,Scn2b,-0.57,NA,NA
,,,,,,,,,,,,,Pidd1,-0.57,NA,NA
,,,,,,,,,,,,,Snora43,-0.57,NA,NA
,,,,,,,,,,,,,Fancb,-0.56,NA,NA
,,,,,,,,,,,,,Mc4r,-0.56,NA,NA
,,,,,,,,,,,,,Thap6,-0.56,NA,NA
,,,,,,,,,,,,,Glrb,-0.56,NA,-0.56
,,,,,,,,,,,,,Fam160a1,-0.56,NA,NA
,,,,,,,,,,,,,Mtmr7,-0.56,NA,NA
,,,,,,,,,,,,,Tex9,-0.56,NA,NA
,,,,,,,,,,,,,Prom1,-0.56,NA,-0.63
,,,,,,,,,,,,,Gfpt2,-0.56,NA,NA
,,,,,,,,,,,,,Mtcl1,-0.56,NA,NA
,,,,,,,,,,,,,A430005L14Rik,-0.56,NA,NA
,,,,,,,,,,,,,Mamdc4,-0.56,NA,NA
,,,,,,,,,,,,,Tmem30b,-0.56,-0.72,NA
,,,,,,,,,,,,,Sh3bgrl2,-0.56,NA,NA
,,,,,,,,,,,,,Nmral1,-0.56,-0.59,NA
,,,,,,,,,,,,,Fam227a,-0.56,NA,NA
,,,,,,,,,,,,,Pkn3,-0.55,NA,NA
,,,,,,,,,,,,,Rab11fip4,-0.55,NA,NA
,,,,,,,,,,,,,Kntc1,-0.55,NA,NA
,,,,,,,,,,,,,Hook1,-0.55,NA,NA
,,,,,,,,,,,,,Ctbp2,-0.55,NA,NA
,,,,,,,,,,,,,Cep72,-0.55,NA,NA
,,,,,,,,,,,,,Ptbp2,-0.55,NA,NA
,,,,,,,,,,,,,Rab39b,-0.55,NA,NA
,,,,,,,,,,,,,Tmem2,-0.55,NA,NA
,,,,,,,,,,,,,Hipk2,-0.55,-0.55,NA
,,,,,,,,,,,,,Nfatc2ip,-0.55,NA,NA
,,,,,,,,,,,,,Kif27,-0.55,NA,NA
,,,,,,,,,,,,,Ercc6l,-0.55,NA,NA
,,,,,,,,,,,,,Kif15,-0.55,NA,NA
,,,,,,,,,,,,,Sesn2,-0.55,NA,NA
,,,,,,,,,,,,,Aoc2,-0.54,NA,NA
,,,,,,,,,,,,,Rhebl1,-0.54,NA,NA
,,,,,,,,,,,,,Tmem178,-0.54,NA,NA
,,,,,,,,,,,,,2810408I11Rik,-0.54,NA,NA
,,,,,,,,,,,,,Cdc25c,-0.54,NA,NA
,,,,,,,,,,,,,Gm10033,-0.54,NA,NA
,,,,,,,,,,,,,Nsl1,-0.54,NA,NA
,,,,,,,,,,,,,Phf21b,-0.54,NA,-0.68
,,,,,,,,,,,,,Ticrr,-0.54,NA,NA
,,,,,,,,,,,,,Map3k13,-0.54,NA,NA
,,,,,,,,,,,,,4933404O12Rik,-0.54,NA,NA
,,,,,,,,,,,,,Fbxo5,-0.54,NA,NA
,,,,,,,,,,,,,Orc1,-0.54,NA,NA
,,,,,,,,,,,,,Dgkk,-0.54,-0.67,NA
,,,,,,,,,,,,,Fgfrl1,-0.53,NA,NA
,,,,,,,,,,,,,Prkd1,-0.53,NA,NA
,,,,,,,,,,,,,Cdc45,-0.53,NA,NA
,,,,,,,,,,,,,Ubxn10,-0.53,NA,NA
,,,,,,,,,,,,,Fanca,-0.53,NA,NA
,,,,,,,,,,,,,Ppp1r9a,-0.53,NA,NA
,,,,,,,,,,,,,Rfwd3,-0.53,NA,NA
,,,,,,,,,,,,,Ankle1,-0.53,NA,NA
,,,,,,,,,,,,,Cxadr,-0.53,NA,-0.73
,,,,,,,,,,,,,Mir25,-0.53,NA,NA
,,,,,,,,,,,,,Bend4,-0.53,NA,NA
,,,,,,,,,,,,,Fubp1,-0.53,NA,NA
,,,,,,,,,,,,,Kif5c,-0.53,-0.55,-0.72
,,,,,,,,,,,,,Ccser1,-0.53,NA,NA
,,,,,,,,,,,,,2810417H13Rik,-0.53,NA,NA
,,,,,,,,,,,,,Dcbld1,-0.53,NA,NA
,,,,,,,,,,,,,Ell3,-0.53,NA,NA
,,,,,,,,,,,,,Ypel1,-0.53,NA,-0.61
,,,,,,,,,,,,,Rec8,-0.53,NA,NA
,,,,,,,,,,,,,Asap2,-0.53,NA,-0.65
,,,,,,,,,,,,,Brca2,-0.53,NA,NA
,,,,,,,,,,,,,Tjp2,-0.53,NA,NA
,,,,,,,,,,,,,Gm17762,-0.53,NA,NA
,,,,,,,,,,,,,Pcdhgc4,-0.52,NA,NA
,,,,,,,,,,,,,Kifc5b,-0.52,NA,NA
,,,,,,,,,,,,,Lrp8,-0.52,NA,NA
,,,,,,,,,,,,,Phf11c,-0.52,NA,NA
,,,,,,,,,,,,,Dynlt1a,-0.52,NA,NA
,,,,,,,,,,,,,Wdr31,-0.52,NA,NA
,,,,,,,,,,,,,Slc12a7,-0.52,NA,NA
,,,,,,,,,,,,,Kif24,-0.52,NA,NA
,,,,,,,,,,,,,Clspn,-0.52,NA,NA
,,,,,,,,,,,,,Depdc1b,-0.52,NA,NA
,,,,,,,,,,,,,E130012A19Rik,-0.52,NA,NA
,,,,,,,,,,,,,Haus6,-0.52,NA,NA
,,,,,,,,,,,,,Firre,-0.52,NA,NA
,,,,,,,,,,,,,Sms,-0.52,NA,NA
,,,,,,,,,,,,,Mad2l1,-0.52,NA,NA
,,,,,,,,,,,,,9430015G10Rik,-0.52,NA,NA
,,,,,,,,,,,,,Recql4,-0.52,NA,NA
,,,,,,,,,,,,,Bard1,-0.52,NA,NA
,,,,,,,,,,,,,9930012K11Rik,-0.52,NA,NA
,,,,,,,,,,,,,Ankrd10,-0.51,NA,NA
,,,,,,,,,,,,,Cenpj,-0.51,NA,NA
,,,,,,,,,,,,,Fam222a,-0.51,NA,NA
,,,,,,,,,,,,,Kif14,-0.51,NA,NA
,,,,,,,,,,,,,Kifc1,-0.51,NA,NA
,,,,,,,,,,,,,Kif18a,-0.51,NA,NA
,,,,,,,,,,,,,Cep135,-0.51,NA,NA
,,,,,,,,,,,,,Cenpe,-0.51,NA,NA
,,,,,,,,,,,,,Trp53inp1,-0.51,NA,NA
,,,,,,,,,,,,,Tmem132a,-0.51,NA,NA
,,,,,,,,,,,,,Abca4,-0.51,NA,NA
,,,,,,,,,,,,,Bend3,-0.51,NA,NA
,,,,,,,,,,,,,Chml,-0.51,NA,NA
,,,,,,,,,,,,,Med18,-0.51,NA,NA
,,,,,,,,,,,,,Cpsf6,-0.51,NA,NA
,,,,,,,,,,,,,Znrd1as,-0.51,NA,NA
,,,,,,,,,,,,,A830082N09Rik,-0.51,NA,NA
,,,,,,,,,,,,,Traip,-0.51,NA,NA
,,,,,,,,,,,,,Mapk4,-0.51,NA,NA
,,,,,,,,,,,,,Ska1,-0.51,NA,NA
,,,,,,,,,,,,,Kif20b,-0.51,NA,NA
,,,,,,,,,,,,,Pik3r3,-0.51,-0.66,-0.58
,,,,,,,,,,,,,Met,-0.51,NA,NA
,,,,,,,,,,,,,Palb2,-0.51,NA,NA
,,,,,,,,,,,,,Kctd15,-0.51,NA,NA
,,,,,,,,,,,,,Gpr63,-0.51,NA,NA
,,,,,,,,,,,,,Cecr6,-0.50,NA,NA
,,,,,,,,,,,,,Ell2,-0.50,NA,NA
,                                                                                                                                                                                                                                                                                                                                                                                                                                                                                                                                                                                                                                                                                                                                                      ,,,,,,,,,,,,Gm5069,-0.50,NA,NA
,,,,,,,,,,,,,Galnt7,-0.50,NA,NA
,,,,,,,,,,,,,,,,
,,,,,,,,,,,,,,,,
,,,,,,,,,,,,,,,,
,,,,,,,,,,,,,,,,
,,,,,,,,,,,,,,,,
,,,,,,,,,,,,,,,,
,,,,,,,,,,,,,,,,
,,,,,,,,,,,,,,,,
,,,,,,,,,,,,,,,,
,,,,,,,,,,,,,,,,
,,,,,,,,,,,,,,,,
,,,,,,,,,,,,,,,,
,,,,,,,,,,,,,,,,
,,,,,,,,,,,,,,,,
,,,,,,,,,,,,,,,,
,,,,,,,,,,,,,,,,
,,,,,,,,,,,,,,,,
,,,,,,,,,,,,,,,,
,,,,,,,,,,,,,,,,
,,,,,,,,,,,,,,,,
,,,,,,,,,,,,,,,,
,,,,,,,,,,,,,,,,
,,,,,,,,,,,,,,,,
,,,,,,,,,,,,,,,,
,,,,,,,,,,,,,,,,
,,,,,,,,,,,,,,,,
,,,,,,,,,,,,,,,,
,,,,,,,,,,,,,,,,
,,,,,,,,,,,,,,,,
,,,,,,,,,,,,,,,,
,,,,,,,,,,,,,,,,
,,,,,,,,,,,,,,,,
,,,,,,,,,,,,,,,,
,,,,,,,,,,,,,,,,
,,,,,,,,,,,,,,,,
,,,,,,,,,,,,,,,,
,,,,,,,,,,,,,,,,
,,,,,,,,,,,,,,,,
,,,,,,,,,,,,,,,,
,,,,,,,,,,,,,,,,
,,,,,,,,,,,,,,,,
,,,,,,,,,,,,,,,,
,,,,,,,,,,,,,,,,
,,,,,,,,,,,,,,,,
,,,,,,,,,,,,,,,,
,,,,,,,,,,,,,,,,
,,,,,,,,,,,,,,,,
,,,,,,,,,,,,,,,,
,,,,,,,,,,,,,,,,
,,,,,,,,,,,,,,,,
,,,,,,,,,,,,,,,,
,,,,,,,,,,,,,,,,
,,,,,,,,,,,,,,,,
,,,,,,,,,,,,,,,,
,,,,,,,,,,,,,,,,
,,,,,,,,,,,,,,,,
,,,,,,,,,,,,,,,,
,,,,,,,,,,,,,,,,
,,,,,,,,,,,,,,,,
,,,,,,,,,,,,,,,,
,,,,,,,,,,,,,,,,
,,,,,,,,,,,,,,,,
,,,,,,,,,,,,,,,,
,,,,,,,,,,,,,,,,
,,,,,,,,,,,,,,,,
,,,,,,,,,,,,,,,,
,,,,,,,,,,,,,,,,
,,,,,,,,,,,,,,,,
,,,,,,,,,,,,,,,,
,,,,,,,,,,,,,,,,
,,,,,,,,,,,,,,,,
,,,,,,,,,,,,,,,,
,,,,,,,,,,,,,,,,
,,,,,,,,,,,,,,,,
,,,,,,,,,,,,,,,,
,,,,,,,,,,,,,,,,
,,,,,,,,,,,,,,,,
,,,,,,,,,,,,,,,,
,,,,,,,,,,,,,,,,
,,,,,,,,,,,,,,,,
,,,,,,,,,,,,,,,,
,,,,,,,,,,,,,,,,
,,,,,,,,,,,,,,,,
,,,,,,,,,,,,,,,,
,,,,,,,,,,,,,,,,
,,,,,,,,,,,,,,,,
,,,,,,,,,,,,,,,,
,,,,,,,,,,,,,,,,
,,,,,,,,,,,,,,,,
,,,,,,,,,,,,,,,,
,,,,,,,,,,,,,,,,
,,,,,,,,,,,,,,,,
,,,,,,,,,,,,,,,,
,,,,,,,,,,,,,,,,
,,,,,,,,,,,,,,,,
,,,,,,,,,,,,,,,,
,,,,,,,,,,,,,,,,
,,,,,,,,,,,,,,,,
,,,,,,,,,,,,,,,,
,,,,,,,,,,,,,,,,
,,,,,,,,,,,,,,,,
,,,,,,,,,,,,,,,,
,,,,,,,,,,,,,,,,
,,,,,,,,,,,,,,,,
,,,,,,,,,,,,,,,,
,,,,,,,,,,,,,,,,
,,,,,,,,,,,,,,,,
,,,,,,,,,,,,,,,,
,,,,,,,,,,,,,,,,
,,,,,,,,,,,,,,,,
,,,,,,,,,,,,,,,,
,,,,,,,,,,,,,,,,
,,,,,,,,,,,,,,,,
,,,,,,,,,,,,,,,,
,,,,,,,,,,,,,,,,
,,,,,,,,,,,,,,,,
,,,,,,,,,,,,,,,,
,,,,,,,,,,,,,,,,
,,,,,,,,,,,,,,,,
,,,,,,,,,,,,,,,,
,,,,,,,,,,,,,,,,
,,,,,,,,,,,,,,,,
,,,,,,,,,,,,,,,,
,,,,,,,,,,,,,,,,
,,,,,,,,,,,,,,,,
,,,,,,,,,,,,,,,,
,,,,,,,,,,,,,,,,
,,,,,,,,,,,,,,,,
,,,,,,,,,,,,,,,,
,,,,,,,,,,,,,,,,
,,,,,,,,,,,,,,,,
,,,,,,,,,,,,,,,,
,,,,,,,,,,,,,,,,
,,,,,,,,,,,,,,,,
,,,,,,,,,,,,,,,,
,,,,,,,,,,,,,,,,
,,,,,,,,,,,,,,,,
,,,,,,,,,,,,,,,,
,,,,,,,,,,,,,,,,
,,,,,,,,,,,,,,,,
,,,,,,,,,,,,,,,,
,,,,,,,,,,,,,,,,
,,,,,,,,,,,,,,,,
,,,,,,,,,,,,,,,,
,,,,,,,,,,,,,,,,
,,,,,,,,,,,,,,,,
,,,,,,,,,,,,,,,,
,,,,,,,,,,,,,,,,
,,,,,,,,,,,,,,,,
,,,,,,,,,,,,,,,,
,,,,,,,,,,,,,,,,
,,,,,,,,,,,,,,,,
,,,,,,,,,,,,,,,,
,,,,,,,,,,,,,,,,
,,,,,,,,,,,,,,,,
,,,,,,,,,,,,,,,,
,,,,,,,,,,,,,,,,
,,,,,,,,,,,,,,,,
,,,,,,,,,,,,,,,,
,,,,,,,,,,,,,,,,
,,,,,,,,,,,,,,,,
,,,,,,,,,,,,,,,,
,,,,,,,,,,,,,,,,
,,,,,,,,,,,,,,,,
,,,,,,,,,,,,,,,,
,,,,,,,,,,,,,,,,
,,,,,,,,,,,,,,,,
,,,,,,,,,,,,,,,,
,,,,,,,,,,,,,,,,
,,,,,,,,,,,,,,,,
,,,,,,,,,,,,,,,,
,,,,,,,,,,,,,,,,
,,,,,,,,,,,,,,,,
,,,,,,,,,,,,,,,,
,,,,,,,,,,,,,,,,
,,,,,,,,,,,,,,,,
,,,,,,,,,,,,,,,,
,,,,,,,,,,,,,,,,
,,,,,,,,,,,,,,,,
,,,,,,,,,,,,,,,,
,,,,,,,,,,,,,,,,
,,,,,,,,,,,,,,,,
,,,,,,,,,,,,,,,,
,,,,,,,,,,,,,,,,
,,,,,,,,,,,,,,,,
,,,,,,,,,,,,,,,,
,,,,,,,,,,,,,,,,
,,,,,,,,,,,,,,,,
,,,,,,,,,,,,,,,,
,,,,,,,,,,,,,,,,
,,,,,,,,,,,,,,,,
,,,,,,,,,,,,,,,,
,,,,,,,,,,,,,,,,
,,,,,,,,,,,,,,,,
,,,,,,,,,,,,,,,,
,,,,,,,,,,,,,,,,
,,,,,,,,,,,,,,,,
,,,,,,,,,,,,,,,,
,,,,,,,,,,,,,,,,
,,,,,,,,,,,,,,,,
,,,,,,,,,,,,,,,,
,,,,,,,,,,,,,,,,
,,,,,,,,,,,,,,,,
,,,,,,,,,,,,,,,,
,,,,,,,,,,,,,,,,
,,,,,,,,,,,,,,,,
,,,,,,,,,,,,,,,,
,,,,,,,,,,,,,,,,
,,,,,,,,,,,,,,,,
,,,,,,,,,,,,,,,,
,,,,,,,,,,,,,,,,
,,,,,,,,,,,,,,,,
,,,,,,,,,,,,,,,,
,,,,,,,,,,,,,,,,
,,,,,,,,,,,,,,,,
,,,,,,,,,,,,,,,,
,,,,,,,,,,,,,,,,
,,,,,,,,,,,,,,,,
,,,,,,,,,,,,,,,,
,,,,,,,,,,,,,,,,
,,,,,,,,,,,,,,,,
,,,,,,,,,,,,,,,,
,,,,,,,,,,,,,,,,
,,,,,,,,,,,,,,,,
,,,,,,,,,,,,,,,,
,,,,,,,,,,,,,,,,
,,,,,,,,,,,,,,,,
,,,,,,,,,,,,,,,,
,,,,,,,,,,,,,,,,
,,,,,,,,,,,,,,,,
,,,,,,,,,,,,,,,,
,,,,,,,,,,,,,,,,
,,,,,,,,,,,,,,,,
,,,,,,,,,,,,,,,,
,,,,,,,,,,,,,,,,
,,,,,,,,,,,,,,,,
,,,,,,,,,,,,,,,,
,,,,,,,,,,,,,,,,
,,,,,,,,,,,,,,,,
,,,,,,,,,,,,,,,,
,,,,,,,,,,,,,,,,
,,,,,,,,,,,,,,,,
,,,,,,,,,,,,,,,,
,,,,,,,,,,,,,,,,
,,,,,,,,,,,,,,,,
,,,,,,,,,,,,,,,,
,,,,,,,,,,,,,,,,
,,,,,,,,,,,,,,,,
,,,,,,,,,,,,,,,,
,,,,,,,,,,,,,,,,
,,,,,,,,,,,,,,,,
,,,,,,,,,,,,,,,,
,,,,,,,,,,,,,,,,
,,,,,,,,,,,,,,,,
,,,,,,,,,,,,,,,,
,,,,,,,,,,,,,,,,
,,,,,,,,,,,,,,,,
,,,,,,,,,,,,,,,,
,,,,,,,,,,,,,,,,
,,,,,,,,,,,,,,,,
,,,,,,,,,,,,,,,,
,,,,,,,,,,,,,,,,
,,,,,,,,,,,,,,,,
,,,,,,,,,,,,,,,,
,,,,,,,,,,,,,,,,
,,,,,,,,,,,,,,,,
,,,,,,,,,,,,,,,,
,,,,,,,,,,,,,,,,
,,,,,,,,,,,,,,,,
,,,,,,,,,,,,,,,,
,,,,,,,,,,,,,,,,
,,,,,,,,,,,,,,,,
,,,,,,,,,,,,,,,,
,,,,,,,,,,,,,,,,
,,,,,,,,,,,,,,,,
,,,,,,,,,,,,,,,,
,,,,,,,,,,,,,,,,
,,,,,,,,,,,,,,,,
,,,,,,,,,,,,,,,,
,,,,,,,,,,,,,,,,
,,,,,,,,,,,,,,,,
,,,,,,,,,,,,,,,,
,,,,,,,,,,,,,,,,
,,,,,,,,,,,,,,,,
,,,,,,,,,,,,,,,,
,,,,,,,,,,,,,,,,
,,,,,,,,,,,,,,,,
,,,,,,,,,,,,,,,,
,,,,,,,,,,,,,,,,
,,,,,,,,,,,,,,,,
,,,,,,,,,,,,,,,,
,,,,,,,,,,,,,,,,
,,,,,,,,,,,,,,,,
,,,,,,,,,,,,,,,,
,,,,,,,,,,,,,,,,
,,,,,,,,,,,,,,,,
,,,,,,,,,,,,,,,,
,,,,,,,,,,,,,,,,
,,,,,,,,,,,,,,,,
,,,,,,,,,,,,,,,,
,,,,,,,,,,,,,,,,
,,,,,,,,,,,,,,,,
,,,,,,,,,,,,,,,,
,,,,,,,,,,,,,,,,
,,,,,,,,,,,,,,,,
,,,,,,,,,,,,,,,,
,,,,,,,,,,,,,,,,
,,,,,,,,,,,,,,,,
,,,,,,,,,,,,,,,,
,,,,,,,,,,,,,,,,
,,,,,,,,,,,,,,,,
,,,,,,,,,,,,,,,,
,,,,,,,,,,,,,,,,
,,,,,,,,,,,,,,,,
,,,,,,,,,,,,,,,,
,,,,,,,,,,,,,,,,
,,,,,,,,,,,,,,,,
,,,,,,,,,,,,,,,,
,,,,,,,,,,,,,,,,
,,,,,,,,,,,,,,,,
,,,,,,,,,,,,,,,,
,,,,,,,,,,,,,,,,
,,,,,,,,,,,,,,,,
,,,,,,,,,,,,,,,,
,,,,,,,,,,,,,,,,
,,,,,,,,,,,,,,,,
,,,,,,,,,,,,,,,,
,,,,,,,,,,,,,,,,
,,,,,,,,,,,,,,,,
,,,,,,,,,,,,,,,,
,,,,,,,,,,,,,,,,
,,,,,,,,,,,,,,,,
,,,,,,,,,,,,,,,,
,,,,,,,,,,,,,,,,
,,,,,,,,,,,,,,,,
,,,,,,,,,,,,,,,,
,,,,,,,,,,,,,,,,
,,,,,,,,,,,,,,,,
,,,,,,,,,,,,,,,,
,,,,,,,,,,,,,,,,
,,,,,,,,,,,,,,,,
,,,,,,,,,,,,,,,,
,,,,,,,,,,,,,,,,
,,,,,,,,,,,,,,,,
,,,,,,,,,,,,,,,,
,,,,,,,,,,,,,,,,
,,,,,,,,,,,,,,,,
,,,,,,,,,,,,,,,,
,,,,,,,,,,,,,,,,
,,,,,,,,,,,,,,,,
,,,,,,,,,,,,,,,,
,,,,,,,,,,,,,,,,
,,,,,,,,,,,,,,,,
,,,,,,,,,,,,,,,,
,,,,,,,,,,,,,,,,
,,,,,,,,,,,,,,,,
,,,,,,,,,,,,,,,,
,,,,,,,,,,,,,,,,
,,,,,,,,,,,,,,,,
,,,,,,,,,,,,,,,,
,,,,,,,,,,,,,,,,
,,,,,,,,,,,,,,,,
,,,,,,,,,,,,,,,,
,,,,,,,,,,,,,,,,
,,,,,,,,,,,,,,,,
,,,,,,,,,,,,,,,,
,,,,,,,,,,,,,,,,
,,,,,,,,,,,,,,,,
,,,,,,,,,,,,,,,,
,,,,,,,,,,,,,,,,
,,,,,,,,,,,,,,,,
,,,,,,,,,,,,,,,,
,,,,,,,,,,,,,,,,
,,,,,,,,,,,,,,,,
,,,,,,,,,,,,,,,,
,,,,,,,,,,,,,,,,
,,,,,,,,,,,,,,,,
,,,,,,,,,,,,,,,,
,,,,,,,,,,,,,,,,
,,,,,,,,,,,,,,,,
,,,,,,,,,,,,,,,,
,,,,,,,,,,,,,,,,
,,,,,,,,,,,,,,,,
,,,,,,,,,,,,,,,,
,,,,,,,,,,,,,,,,
,,,,,,,,,,,,,,,,
,,,,,,,,,,,,,,,,
,,,,,,,,,,,,,,,,
,,,,,,,,,,,,,,,,
,,,,,,,,,,,,,,,,
,,,,,,,,,,,,,,,,
,,,,,,,,,,,,,,,,
,,,,,,,,,,,,,,,,
,,,,,,,,,,,,,,,,
,,,,,,,,,,,,,,,,
,,,,,,,,,,,,,,,,
,,,,,,,,,,,,,,,,
,,,,,,,,,,,,,,,,
,,,,,,,,,,,,,,,,
,,,,,,,,,,,,,,,,
,,,,,,,,,,,,,,,,
,,,,,,,,,,,,,,,,
,,,,,,,,,,,,,,,,
,,,,,,,,,,,,,,,,
,,,,,,,,,,,,,,,,
,,,,,,,,,,,,,,,,
,,,,,,,,,,,,,,,,
,,,,,,,,,,,,,,,,
,,,,,,,,,,,,,,,,
,,,,,,,,,,,,,,,,
,,,,,,,,,,,,,,,,
,,,,,,,,,,,,,,,,
,,,,,,,,,,,,,,,,
,,,,,,,,,,,,,,,,
,,,,,,,,,,,,,,,,
,,,,,,,,,,,,,,,,
,,,,,,,,,,,,,,,,
,,,,,,,,,,,,,,,,
,,,,,,,,,,,,,,,,
,,,,,,,,,,,,,,,,
,,,,,,,,,,,,,,,,
,,,,,,,,,,,,,,,,
,,,,,,,,,,,,,,,,
,,,,,,,,,,,,,,,,
,,,,,,,,,,,,,,,,
,,,,,,,,,,,,,,,,
,,,,,,,,,,,,,,,,
,,,,,,,,,,,,,,,,
,,,,,,,,,,,,,,,,
,,,,,,,,,,,,,,,,
,,,,,,,,,,,,,,,,
,,,,,,,,,,,,,,,,
,,,,,,,,,,,,,,,,
,,,,,,,,,,,,,,,,
,,,,,,,,,,,,,,,,
,,,,,,,,,,,,,,,,
,,,,,,,,,,,,,,,,
,,,,,,,,,,,,,,,,
,,,,,,,,,,,,,,,,
,,,,,,,,,,,,,,,,
,,,,,,,,,,,,,,,,
,,,,,,,,,,,,,,,,
,,,,,,,,,,,,,,,,
,,,,,,,,,,,,,,,,
,,,,,,,,,,,,,,,,
,,,,,,,,,,,,,,,,
,,,,,,,,,,,,,,,,
,,,,,,,,,,,,,,,,
,,,,,,,,,,,,,,,,
,,,,,,,,,,,,,,,,
,,,,,,,,,,,,,,,,
,,,,,,,,,,,,,,,,
,,,,,,,,,,,,,,,,
,,,,,,,,,,,,,,,,
,,,,,,,,,,,,,,,,
,,,,,,,,,,,,,,,,
,,,,,,,,,,,,,,,,
,,,,,,,,,,,,,,,,
,,,,,,,,,,,,,,,,
,,,,,,,,,,,,,,,,
,,,,,,,,,,,,,,,,
,,,,,,,,,,,,,,,,
,,,,,,,,,,,,,,,,
,,,,,,,,,,,,,,,,
,,,,,,,,,,,,,,,,
,,,,,,,,,,,,,,,,
,,,,,,,,,,,,,,,,
,,,,,,,,,,,,,,,,
,,,,,,,,,,,,,,,,
,,,,,,,,,,,,,,,,
,,,,,,,,,,,,,,,,
,,,,,,,,,,,,,,,,
,,,,,,,,,,,,,,,,
,,,,,,,,,,,,,,,,
,,,,,,,,,,,,,,,,
,,,,,,,,,,,,,,,,
,,,,,,,,,,,,,,,,
,,,,,,,,,,,,,,,,
,,,,,,,,,,,,,,,,
,,,,,,,,,,,,,,,,
,,,,,,,,,,,,,,,,
,,,,,,,,,,,,,,,,
,,,,,,,,,,,,,,,,
,,,,,,,,,,,,,,,,
,,,,,,,,,,,,,,,,
,,,,,,,,,,,,,,,,
,,,,,,,,,,,,,,,,
,,,,,,,,,,,,,,,,
,,,,,,,,,,,,,,,,
,,,,,,,,,,,,,,,,
,,,,,,,,,,,,,,,,
,,,,,,,,,,,,,,,,
,,,,,,,,,,,,,,,,
,,,,,,,,,,,,,,,,
,,,,,,,,,,,,,,,,
,,,,,,,,,,,,,,,,
,,,,,,,,,,,,,,,,
,,,,,,,,,,,,,,,,
,,,,,,,,,,,,,,,,
,,,,,,,,,,,,,,,,
,,,,,,,,,,,,,,,,
,,,,,,,,,,,,,,,,
,,,,,,,,,,,,,,,,
,,,,,,,,,,,,,,,,
,,,,,,,,,,,,,,,,
,,,,,,,,,,,,,,,,
,,,,,,,,,,,,,,,,
,,,,,,,,,,,,,,,,
,,,,,,,,,,,,,,,,
,,,,,,,,,,,,,,,,
,,,,,,,,,,,,,,,,
,,,,,,,,,,,,,,,,
,,,,,,,,,,,,,,,,
,,,,,,,,,,,,,,,,
,,,,,,,,,,,,,,,,
,,,,,,,,,,,,,,,,
,,,,,,,,,,,,,,,,
,,,,,,,,,,,,,,,,
,,,,,,,,,,,,,,,,
,,,,,,,,,,,,,,,,
,,,,,,,,,,,,,,,,
,,,,,,,,,,,,,,,,
,,,,,,,,,,,,,,,,
,,,,,,,,,,,,,,,,
,,,,,,,,,,,,,,,,
,,,,,,,,,,,,,,,,
,,,,,,,,,,,,,,,,
,,,,,,,,,,,,,,,,
,,,,,,,,,,,,,,,,
,,,,,,,,,,,,,,,,
,,,,,,,,,,,,,,,,
,,,,,,,,,,,,,,,,
,,,,,,,,,,,,,,,,
,,,,,,,,,,,,,,,,
,,,,,,,,,,,,,,,,
,,,,,,,,,,,,,,,,
,,,,,,,,,,,,,,,,
,,,,,,,,,,,,,,,,
,,,,,,,,,,,,,,,,
,,,,,,,,,,,,,,,,
,,,,,,,,,,,,,,,,
,,,,,,,,,,,,,,,,
,,,,,,,,,,,,,,,,
,,,,,,,,,,,,,,,,
,,,,,,,,,,,,,,,,
,,,,,,,,,,,,,,,,
,,,,,,,,,,,,,,,,
,,,,,,,,,,,,,,,,
,,,,,,,,,,,,,,,,
,,,,,,,,,,,,,,,,
,,,,,,,,,,,,,,,,
,,,,,,,,,,,,,,,,
,,,,,,,,,,,,,,,,
,,,,,,,,,,,,,,,,
,,,,,,,,,,,,,,,,
,,,,,,,,,,,,,,,,
,,,,,,,,,,,,,,,,
,,,,,,,,,,,,,,,,
,,,,,,,,,,,,,,,,
,,,,,,,,,,,,,,,,
,,,,,,,,,,,,,,,,
,,,,,,,,,,,,,,,,
,,,,,,,,,,,,,,,,
,,,,,,,,,,,,,,,,
,,,,,,,,,,,,,,,,
,,,,,,,,,,,,,,,,
,,,,,,,,,,,,,,,,
,,,,,,,,,,,,,,,,
,,,,,,,,,,,,,,,,
,,,,,,,,,,,,,,,,
,,,,,,,,,,,,,,,,
,,,,,,,,,,,,,,,,
,,,,,,,,,,,,,,,,
,,,,,,,,,,,,,,,,
,,,,,,,,,,,,,,,,
,,,,,,,,,,,,,,,,
,,,,,,,,,,,,,,,,
,,,,,,,,,,,,,,,,
,,,,,,,,,,,,,,,,
,,,,,,,,,,,,,,,,
,,,,,,,,,,,,,,,,
,,,,,,,,,,,,,,,,
,,,,,,,,,,,,,,,,
,,,,,,,,,,,,,,,,
,,,,,,,,,,,,,,,,
,,,,,,,,,,,,,,,,
,,,,,,,,,,,,,,,,
,,,,,,,,,,,,,,,,
,,,,,,,,,,,,,,,,
,,,,,,,,,,,,,,,,
,,,,,,,,,,,,,,,,
,,,,,,,,,,,,,,,,
,,,,,,,,,,,,,,,,
,,,,,,,,,,,,,,,,
,,,,,,,,,,,,,,,,
,,,,,,,,,,,,,,,,
,,,,,,,,,,,,,,,,
,,,,,,,,,,,,,,,,
,,,,,,,,,,,,,,,,
,,,,,,,,,,,,,,,,
,,,,,,,,,,,,,,,,
,,,,,,,,,,,,,,,,
,,,,,,,,,,,,,,,,
,,,,,,,,,,,,,,,,
,,,,,,,,,,,,,,,,
,,,,,,,,,,,,,,,,
,,,,,,,,,,,,,,,,
,,,,,,,,,,,,,,,,
,,,,,,,,,,,,,,,,
,,,,,,,,,,,,,,,,
,,,,,,,,,,,,,,,,
,,,,,,,,,,,,,,,,
,,,,,,,,,,,,,,,,
,,,,,,,,,,,,,,,,
,,,,,,,,,,,,,,,,
,,,,,,,,,,,,,,,,
,,,,,,,,,,,,,,,,
,,,,,,,,,,,,,,,,
,,,,,,,,,,,,,,,,
,,,,,,,,,,,,,,,,
,,,,,,,,,,,,,,,,
,,,,,,,,,,,,,,,,
,,,,,,,,,,,,,,,,
,,,,,,,,,,,,,,,,
,,,,,,,,,,,,,,,,
,,,,,,,,,,,,,,,,
,,,,,,,,,,,,,,,,
,,,,,,,,,,,,,,,,
,,,,,,,,,,,,,,,,
,,,,,,,,,,,,,,,,
,,,,,,,,,,,,,,,,
,,,,,,,,,,,,,,,,
,,,,,,,,,,,,,,,,
,,,,,,,,,,,,,,,,
,,,,,,,,,,,,,,,,
,,,,,,,,,,,,,,,,
,,,,,,,,,,,,,,,,
,,,,,,,,,,,,,,,,
,,,,,,,,,,,,,,,,
,,,,,,,,,,,,,,,,
,,,,,,,,,,,,,,,,
,,,,,,,,,,,,,,,,
,,,,,,,,,,,,,,,,
,,,,,,,,,,,,,,,,
,,,,,,,,,,,,,,,,
,,,,,,,,,,,,,,,,
,,,,,,,,,,,,,,,,
,,,,,,,,,,,,,,,,
,,,,,,,,,,,,,,,,
,,,,,,,,,,,,,,,,
,,,,,,,,,,,,,,,,
,,,,,,,,,,,,,,,,
,,,,,,,,,,,,,,,,
,,,,,,,,,,,,,,,,
,,,,,,,,,,,,,,,,
,,,,,,,,,,,,,,,,
,,,,,,,,,,,,,,,,
,,,,,,,,,,,,,,,,
,,,,,,,,,,,,,,,,
,,,,,,,,,,,,,,,,
,,,,,,,,,,,,,,,,
,,,,,,,,,,,,,,,,
,,,,,,,,,,,,,,,,
,,,,,,,,,,,,,,,,
,,,,,,,,,,,,,,,,
,,,,,,,,,,,,,,,,
,,,,,,,,,,,,,,,,
,,,,,,,,,,,,,,,,
,,,,,,,,,,,,,,,,
,,,,,,,,,,,,,,,,
,,,,,,,,,,,,,,,,
,,,,,,,,,,,,,,,,
,,,,,,,,,,,,,,,,
,,,,,,,,,,,,,,,,
,,,,,,,,,,,,,,,,
,,,,,,,,,,,,,,,,
,,,,,,,,,,,,,,,,
,,,,,,,,,,,,,,,,
,,,,,,,,,,,,,,,,
,,,,,,,,,,,,,,,,
,,,,,,,,,,,,,,,,
,,,,,,,,,,,,,,,,
,,,,,,,,,,,,,,,,
,,,,,,,,,,,,,,,,
,,,,,,,,,,,,,,,,
,,,,,,,,,,,,,,,,
,,,,,,,,,,,,,,,,
,,,,,,,,,,,,,,,,
,,,,,,,,,,,,,,,,
,,,,,,,,,,,,,,,,
,,,,,,,,,,,,,,,,
,,,,,,,,,,,,,,,,
,,,,,,,,,,,,,,,,
,,,,,,,,,,,,,,,,
,,,,,,,,,,,,,,,,
,,,,,,,,,,,,,,,,
,,,,,,,,,,,,,,,,
,,,,,,,,,,,,,,,,
,,,,,,,,,,,,,,,,
,,,,,,,,,,,,,,,,
,,,,,,,,,,,,,,,,
,,,,,,,,,,,,,,,,
,,,,,,,,,,,,,,,,
,,,,,,,,,,,,,,,,
,,,,,,,,,,,,,,,,
,,,,,,,,,,,,,,,,
,,,,,,,,,,,,,,,,
,,,,,,,,,,,,,,,,
,,,,,,,,,,,,,,,,
,,,,,,,,,,,,,,,,
,,,,,,,,,,,,,,,,
,,,,,,,,,,,,,,,,
,,,,,,,,,,,,,,,,
,,,,,,,,,,,,,,,,
,,,,,,,,,,,,,,,,
,,,,,,,,,,,,,,,,
,,,,,,,,,,,,,,,,
,,,,,,,,,,,,,,,,
,,,,,,,,,,,,,,,,
,,,,,,,,,,,,,,,,
,,,,,,,,,,,,,,,,
,,,,,,,,,,,,,,,,
,,,,,,,,,,,,,,,,
,,,,,,,,,,,,,,,,
,,,,,,,,,,,,,,,,
,,,,,,,,,,,,,,,,
,,,,,,,,,,,,,,,,
,,,,,,,,,,,,,,,,
,,,,,,,,,,,,,,,,
,,,,,,,,,,,,,,,,
,,,,,,,,,,,,,,,,
,,,,,,,,,,,,,,,,
,,,,,,,,,,,,,,,,
,,,,,,,,,,,,,,,,
,,,,,,,,,,,,,,,,
,,,,,,,,,,,,,,,,
,,,,,,,,,,,,,,,,
,,,,,,,,,,,,,,,,
,,,,,,,,,,,,,,,,
,,,,,,,,,,,,,,,,
,,,,,,,,,,,,,,,,
,,,,,,,,,,,,,,,,
,,,,,,,,,,,,,,,,
,,,,,,,,,,,,,,,,
,,,,,,,,,,,,,,,,
,,,,,,,,,,,,,,,,
,,,,,,,,,,,,,,,,
,,,,,,,,,,,,,,,,
,,,,,,,,,,,,,,,,
,,,,,,,,,,,,,,,,
,,,,,,,,,,,,,,,,
,,,,,,,,,,,,,,,,
,,,,,,,,,,,,,,,,
,,,,,,,,,,,,,,,,
,,,,,,,,,,,,,,,,
,,,,,,,,,,,,,,,,
,,,,,,,,,,,,,,,,
,,,,,,,,,,,,,,,,
,,,,,,,,,,,,,,,,
,,,,,,,,,,,,,,,,
,,,,,,,,,,,,,,,,
,,,,,,,,,,,,,,,,
,,,,,,,,,,,,,,,,
,,,,,,,,,,,,,,,,
,,,,,,,,,,,,,,,,
,,,,,,,,,,,,,,,,
,,,,,,,,,,,,,,,,
,,,,,,,,,,,,,,,,
,,,,,,,,,,,,,,,,
,,,,,,,,,,,,,,,,
,,,,,,,,,,,,,,,,
,,,,,,,,,,,,,,,,
,,,,,,,,,,,,,,,,
,,,,,,,,,,,,,,,,
,,,,,,,,,,,,,,,,
,,,,,,,,,,,,,,,,
,,,,,,,,,,,,,,,,
,,,,,,,,,,,,,,,,
,,,,,,,,,,,,,,,,
,,,,,,,,,,,,,,,,
,,,,,,,,,,,,,,,,
,,,,,,,,,,,,,,,,
,,,,,,,,,,,,,,,,
,,,,,,,,,,,,,,,,
,,,,,,,,,,,,,,,,
,,,,,,,,,,,,,,,,
,,,,,,,,,,,,,,,,
,,,,,,,,,,,,,,,,
,,,,,,,,,,,,,,,,
,,,,,,,,,,,,,,,,
,,,,,,,,,,,,,,,,
,,,,,,,,,,,,,,,,
,,,,,,,,,,,,,,,,
,,,,,,,,,,,,,,,,
,,,,,,,,,,,,,,,,
,,,,,,,,,,,,,,,,
,,,,,,,,,,,,,,,,
,,,,,,,,,,,,,,,,
,,,,,,,,,,,,,,,,
,,,,,,,,,,,,,,,,
,,,,,,,,,,,,,,,,
,,,,,,,,,,,,,,,,
,,,,,,,,,,,,,,,,
,,,,,,,,,,,,,,,,
,,,,,,,,,,,,,,,,
,,,,,,,,,,,,,,,,
,,,,,,,,,,,,,,,,
,,,,,,,,,,,,,,,,
,,,,,,,,,,,,,,,,
,,,,,,,,,,,,,,,,
,,,,,,,,,,,,,,,,
,,,,,,,,,,,,,,,,
,,,,,,,,,,,,,,,,
,,,,,,,,,,,,,,,,
,,,,,,,,,,,,,,,,
,,,,,,,,,,,,,,,,
,,,,,,,,,,,,,,,,
,,,,,,,,,,,,,,,,
,,,,,,,,,,,,,,,,
,,,,,,,,,,,,,,,,
,,,,,,,,,,,,,,,,
,,,,,,,,,,,,,,,,
,,,,,,,,,,,,,,,,
,,,,,,,,,,,,,,,,
,,,,,,,,,,,,,,,,
,,,,,,,,,,,,,,,,
,,,,,,,,,,,,,,,,
,,,,,,,,,,,,,,,,
,,,,,,,,,,,,,,,,
,,,,,,,,,,,,,,,,
,,,,,,,,,,,,,,,,
,,,,,,,,,,,,,,,,
,,,,,,,,,,,,,,,,
,,,,,,,,,,,,,,,,
,,,,,,,,,,,,,,,,
,,,,,,,,,,,,,,,,
,,,,,,,,,,,,,,,,
,,,,,,,,,,,,,,,,
,,,,,,,,,,,,,,,,
,,,,,,,,,,,,,,,,
,,,,,,,,,,,,,,,,
,,,,,,,,,,,,,,,,
,,,,,,,,,,,,,,,,
,,,,,,,,,,,,,,,,
,,,,,,,,,,,,,,,,
,,,,,,,,,,,,,,,,
,,,,,,,,,,,,,,,,
,,,,,,,,,,,,,,,,
,,,,,,,,,,,,,,,,
,,,,,,,,,,,,,,,,
,,,,,,,,,,,,,,,,
,,,,,,,,,,,,,,,,
,,,,,,,,,,,,,,,,
,,,,,,,,,,,,,,,,
,,,,,,,,,,,,,,,,
,,,,,,,,,,,,,,,,
,,,,,,,,,,,,,,,,
,,,,,,,,,,,,,,,,
,,,,,,,,,,,,,,,,
,,,,,,,,,,,,,,,,
,,,,,,,,,,,,,,,,
,,,,,,,,,,,,,,,,
,,,,,,,,,,,,,,,,
,,,,,,,,,,,,,,,,
,,,,,,,,,,,,,,,,
,,,,,,,,,,,,,,,,
,,,,,,,,,,,,,,,,
,,,,,,,,,,,,,,,,
,,,,,,,,,,,,,,,,
,,,,,,,,,,,,,,,,
,,,,,,,,,,,,,,,,
,,,,,,,,,,,,,,,,
,,,,,,,,,,,,,,,,
,,,,,,,,,,,,,,,,
,,,,,,,,,,,,,,,,
,,,,,,,,,,,,,,,,
,,,,,,,,,,,,,,,,
,,,,,,,,,,,,,,,,
,,,,,,,,,,,,,,,,
,,,,,,,,,,,,,,,,
,,,,,,,,,,,,,,,,
,,,,,,,,,,,,,,,,
,,,,,,,,,,,,,,,,
,,,,,,,,,,,,,,,,
,,,,,,,,,,,,,,,,
,,,,,,,,,,,,,,,,
,,,,,,,,,,,,,,,,
,,,,,,,,,,,,,,,,
,,,,,,,,,,,,,,,,
,,,,,,,,,,,,,,,,
,,,,,,,,,,,,,,,,
,,,,,,,,,,,,,,,,
,,,,,,,,,,,,,,,,
,,,,,,,,,,,,,,,,
,,,,,,,,,,,,,,,,
,,,,,,,,,,,,,,,,
,,,,,,,,,,,,,,,,
,,,,,,,,,,,,,,,,
,,,,,,,,,,,,,,,,
,,,,,,,,,,,,,,,,
,,,,,,,,,,,,,,,,
,,,,,,,,,,,,,,,,
,,,,,,,,,,,,,,,,
,,,,,,,,,,,,,,,,
,,,,,,,,,,,,,,,,
,,,,,,,,,,,,,,,,
,,,,,,,,,,,,,,,,
,,,,,,,,,,,,,,,,
,,,,,,,,,,,,,,,,
,,,,,,,,,,,,,,,,
,,,,,,,,,,,,,,,,
,,,,,,,,,,,,,,,,
,,,,,,,,,,,,,,,,
,,,,,,,,,,,,,,,,
,,,,,,,,,,,,,,,,
,,,,,,,,,,,,,,,,
,,,,,,,,,,,,,,,,
,,,,,,,,,,,,,,,,
,,,,,,,,,,,,,,,,
,,,,,,,,,,,,,,,,
,,,,,,,,,,,,,,,,
,,,,,,,,,,,,,,,,
,,,,,,,,,,,,,,,,
,,,,,,,,,,,,,,,,
,,,,,,,,,,,,,,,,
,,,,,,,,,,,,,,,,
,,,,,,,,,,,,,,,,
,,,,,,,,,,,,,,,,
,,,,,,,,,,,,,,,,
,,,,,,,,,,,,,,,,
,,,,,,,,,,,,,,,,
,,,,,,,,,,,,,,,,
,,,,,,,,,,,,,,,,
,,,,,,,,,,,,,,,,
,,,,,,,,,,,,,,,,
,,,,,,,,,,,,,,,,
,,,,,,,,,,,,,,,,
,,,,,,,,,,,,,,,,
,,,,,,,,,,,,,,,,
,,,,,,,,,,,,,,,,
,,,,,,,,,,,,,,,,
,,,,,,,,,,,,,,,,
,,,,,,,,,,,,,,,,
,,,,,,,,,,,,,,,,
,,,,,,,,,,,,,,,,
,,,,,,,,,,,,,,,,
,,,,,,,,,,,,,,,,
,,,,,,,,,,,,,,,,
,,,,,,,,,,,,,,,,
,,,,,,,,,,,,,,,,
,,,,,,,,,,,,,,,,
,,,,,,,,,,,,,,,,
,,,,,,,,,,,,,,,,
,,,,,,,,,,,,,,,,
,,,,,,,,,,,,,,,,
,,,,,,,,,,,,,,,,
,,,,,,,,,,,,,,,,
,,,,,,,,,,,,,,,,
,,,,,,,,,,,,,,,,
,,,,,,,,,,,,,,,,
,,,,,,,,,,,,,,,,
,,,,,,,,,,,,,,,,
,,,,,,,,,,,,,,,,
,,,,,,,,,,,,,,,,
,,,,,,,,,,,,,,,,
,,,,,,,,,,,,,,,,
,,,,,,,,,,,,,,,,
,,,,,,,,,,,,,,,,
,,,,,,,,,,,,,,,,
,,,,,,,,,,,,,,,,
,,,,,,,,,,,,,,,,
,,,,,,,,,,,,,,,,
,,,,,,,,,,,,,,,,
,,,,,,,,,,,,,,,,
,,,,,,,,,,,,,,,,
,,,,,,,,,,,,,,,,
,,,,,,,,,,,,,,,,
,,,,,,,,,,,,,,,,
,,,,,,,,,,,,,,,,
,,,,,,,,,,,,,,,,
,,,,,,,,,,,,,,,,
,,,,,,,,,,,,,,,,
,,,,,,,,,,,,,,,,
,,,,,,,,,,,,,,,,
,,,,,,,,,,,,,,,,
,,,,,,,,,,,,,,,,
,,,,,,,,,,,,,,,,
,,,,,,,,,,,,,,,,
,,,,,,,,,,,,,,,,
,,,,,,,,,,,,,,,,
,,,,,,,,,,,,,,,,
,,,,,,,,,,,,,,,,
,,,,,,,,,,,,,,,,
,,,,,,,,,,,,,,,,
,,,,,,,,,,,,,,,,
,,,,,,,,,,,,,,,,
,,,,,,,,,,,,,,,,
,,,,,,,,,,,,,,,,
,,,,,,,,,,,,,,,,
,,,,,,,,,,,,,,,,
,,,,,,,,,,,,,,,,
,,,,,,,,,,,,,,,,
,,,,,,,,,,,,,,,,
,,,,,,,,,,,,,,,,
,,,,,,,,,,,,,,,,
,,,,,,,,,,,,,,,,
,,,,,,,,,,,,,,,,
,,,,,,,,,,,,,,,,
,,,,,,,,,,,,,,,,
,,,,,,,,,,,,,,,,
,,,,,,,,,,,,,,,,
,,,,,,,,,,,,,,,,
,,,,,,,,,,,,,,,,
,,,,,,,,,,,,,,,,
,,,,,,,,,,,,,,,,
,,,,,,,,,,,,,,,,
,,,,,,,,,,,,,,,,
,,,,,,,,,,,,,,,,
,,,,,,,,,,,,,,,,
,,,,,,,,,,,,,,,,
,,,,,,,,,,,,,,,,
,,,,,,,,,,,,,,,,
,,,,,,,,,,,,,,,,
,,,,,,,,,,,,,,,,
,,,,,,,,,,,,,,,,
,,,,,,,,,,,,,,,,
,,,,,,,,,,,,,,,,
,,,,,,,,,,,,,,,,
,,,,,,,,,,,,,,,,
,,,,,,,,,,,,,,,,
,,,,,,,,,,,,,,,,
,,,,,,,,,,,,,,,,
,,,,,,,,,,,,,,,,
,,,,,,,,,,,,,,,,
,,,,,,,,,,,,,,,,
,,,,,,,,,,,,,,,,
,,,,,,,,,,,,,,,,
,,,,,,,,,,,,,,,,
,,,,,,,,,,,,,,,,
,,,,,,,,,,,,,,,,
,,,,,,,,,,,,,,,,
,,,,,,,,,,,,,,,,
,,,,,,,,,,,,,,,,
,,,,,,,,,,,,,,,,
,,,,,,,,,,,,,,,,
,,,,,,,,,,,,,,,,
,,,,,,,,,,,,,,,,
,,,,,,,,,,,,,,,,
,,,,,,,,,,,,,,,,
,,,,,,,,,,,,,,,,
,,,,,,,,,,,,,,,,
,,,,,,,,,,,,,,,,
,,,,,,,,,,,,,,,,
,,,,,,,,,,,,,,,,
,,,,,,,,,,,,,,,,
,,,,,,,,,,,,,,,,
,,,,,,,,,,,,,,,,
,,,,,,,,,,,,,,,,
,,,,,,,,,,,,,,,,
,,,,,,,,,,,,,,,,
,,,,,,,,,,,,,,,,
,,,,,,,,,,,,,,,,
,,,,,,,,,,,,,,,,
,,,,,,,,,,,,,,,,
,,,,,,,,,,,,,,,,
,,,,,,,,,,,,,,,,
,,,,,,,,,,,,,,,,
,,,,,,,,,,,,,,,,
,,,,,,,,,,,,,,,,
,,,,,,,,,,,,,,,,
,,,,,,,,,,,,,,,,
,,,,,,,,,,,,,,,,
,,,,,,,,,,,,,,,,
,,,,,,,,,,,,,,,,
,,,,,,,,,,,,,,,,
,,,,,,,,,,,,,,,,
,,,,,,,,,,,,,,,,
,,,,,,,,,,,,,,,,
,,,,,,,,,,,,,,,,
,,,,,,,,,,,,,,,,
,,,,,,,,,,,,,,,,
,,,,,,,,,,,,,,,,
,,,,,,,,,,,,,,,,
,,,,,,,,,,,,,,,,
,,,,,,,,,,,,,,,,
,,,,,,,,,,,,,,,,
,,,,,,,,,,,,,,,,
,,,,,,,,,,,,,,,,
,,,,,,,,,,,,,,,,
,,,,,,,,,,,,,,,,
,,,,,,,,,,,,,,,,
,,,,,,,,,,,,,,,,
,,,,,,,,,,,,,,,,
,,,,,,,,,,,,,,,,
,,,,,,,,,,,,,,,,
,,,,,,,,,,,,,,,,
,,,,,,,,,,,,,,,,
,,,,,,,,,,,,,,,,
,,,,,,,,,,,,,,,,
,,,,,,,,,,,,,,,,
,,,,,,,,,,,,,,,,
,,,,,,,,,,,,,,,,
,,,,,,,,,,,,,,,,
,,,,,,,,,,,,,,,,
,,,,,,,,,,,,,,,,
,,,,,,,,,,,,,,,,
,,,,,,,,,,,,,,,,
,,,,,,,,,,,,,,,,
,,,,,,,,,,,,,,,,
,,,,,,,,,,,,,,,,
,,,,,,,,,,,,,,,,
,,,,,,,,,,,,,,,,
,,,,,,,,,,,,,,,,
,,,,,,,,,,,,,,,,
,,,,,,,,,,,,,,,,
,,,,,,,,,,,,,,,,
,,,,,,,,,,,,,,,,
,,,,,,,,,,,,,,,,
,,,,,,,,,,,,,,,,
,,,,,,,,,,,,,,,,
,,,,,,,,,,,,,,,,
,,,,,,,,,,,,,,,,
,,,,,,,,,,,,,,,,
,,,,,,,,,,,,,,,,
,,,,,,,,,,,,,,,,
,,,,,,,,,,,,,,,,
,,,,,,,,,,,,,,,,
,,,,,,,,,,,,,,,,
,,,,,,,,,,,,,,,,
,,,,,,,,,,,,,,,,
,,,,,,,,,,,,,,,,
,,,,,,,,,,,,,,,,
,,,,,,,,,,,,,,,,
,,,,,,,,,,,,,,,,
,,,,,,,,,,,,,,,,
,,,,,,,,,,,,,,,,
,,,,,,,,,,,,,,,,
,,,,,,,,,,,,,,,,
,,,,,,,,,,,,,,,,
,,,,,,,,,,,,,,,,
,,,,,,,,,,,,,,,,
,,,,,,,,,,,,,,,,
,,,,,,,,,,,,,,,,
,,,,,,,,,,,,,,,,
,,,,,,,,,,,,,,,,
,,,,,,,,,,,,,,,,
,,,,,,,,,,,,,,,,
,,,,,,,,,,,,,,,,
,,,,,,,,,,,,,,,,
,,,,,,,,,,,,,,,,
,,,,,,,,,,,,,,,,
,,,,,,,,,,,,,,,,
,,,,,,,,,,,,,,,,
,,,,,,,,,,,,,,,,
,,,,,,,,,,,,,,,,
,,,,,,,,,,,,,,,,
,,,,,,,,,,,,,,,,
,,,,,,,,,,,,,,,,
,,,,,,,,,,,,,,,,
,,,,,,,,,,,,,,,,
,,,,,,,,,,,,,,,,
,,,,,,,,,,,,,,,,
,,,,,,,,,,,,,,,,
,,,,,,,,,,,,,,,,
,,,,,,,,,,,,,,,,
,,,,,,,,,,,,,,,,
,,,,,,,,,,,,,,,,
,,,,,,,,,,,,,,,,
,,,,,,,,,,,,,,,,
,,,,,,,,,,,,,,,,
,,,,,,,,,,,,,,,,
,,,,,,,,,,,,,,,,
,,,,,,,,,,,,,,,,
,,,,,,,,,,,,,,,,
,,,,,,,,,,,,,,,,
,,,,,,,,,,,,,,,,
,,,,,,,,,,,,,,,,
,,,,,,,,,,,,,,,,
,,,,,,,,,,,,,,,,
,,,,,,,,,,,,,,,,
,,,,,,,,,,,,,,,,
,,,,,,,,,,,,,,,,
,,,,,,,,,,,,,,,,
,,,,,,,,,,,,,,,,
,,,,,,,,,,,,,,,,
,,,,,,,,,,,,,,,,
,,,,,,,,,,,,,,,,
,,,,,,,,,,,,,,,,
,,,,,,,,,,,,,,,,
,,,,,,,,,,,,,,,,
,,,,,,,,,,,,,,,,
,,,,,,,,,,,,,,,,
,,,,,,,,,,,,,,,,
,,,,,,,,,,,,,,,,
,,,,,,,,,,,,,,,,
,,,,,,,,,,,,,,,,
,,,,,,,,,,,,,,,,
,,,,,,,,,,,,,,,,
,,,,,,,,,,,,,,,,
,,,,,,,,,,,,,,,,
,,,,,,,,,,,,,,,,
,,,,,,,,,,,,,,,,
,,,,,,,,,,,,,,,,
,,,,,,,,,,,,,,,,
,,,,,,,,,,,,,,,,
,,,,,,,,,,,,,,,,
,,,,,,,,,,,,,,,,
,,,,,,,,,,,,,,,,
,,,,,,,,,,,,,,,,
,,,,,,,,,,,,,,,,
,,,,,,,,,,,,,,,,
,,,,,,,,,,,,,,,,
,,,,,,,,,,,,,,,,
,,,,,,,,,,,,,,,,
,,,,,,,,,,,,,,,,
,,,,,,,,,,,,,,,,
,,,,,,,,,,,,,,,,
,,,,,,,,,,,,,,,,
,,,,,,,,,,,,,,,,
,,,,,,,,,,,,,,,,
,,,,,,,,,,,,,,,,
,,,,,,,,,,,,,,,,
,,,,,,,,,,,,,,,,
,,,,,,,,,,,,,,,,
,,,,,,,,,,,,,,,,
,,,,,,,,,,,,,,,,
,,,,,,,,,,,,,,,,
,,,,,,,,,,,,,,,,
,,,,,,,,,,,,,,,,
,,,,,,,,,,,,,,,,
,,,,,,,,,,,,,,,,
,,,,,,,,,,,,,,,,
,,,,,,,,,,,,,,,,
,,,,,,,,,,,,,,,,
,,,,,,,,,,,,,,,,
,,,,,,,,,,,,,,,,
,,,,,,,,,,,,,,,,
,,,,,,,,,,,,,,,,
,,,,,,,,,,,,,,,,
,,,,,,,,,,,,,,,,
,,,,,,,,,,,,,,,,
,,,,,,,,,,,,,,,,
,,,,,,,,,,,,,,,,
,,,,,,,,,,,,,,,,
,,,,,,,,,,,,,,,,
,,,,,,,,,,,,,,,,
,,,,,,,,,,,,,,,,
,,,,,,,,,,,,,,,,
,,,,,,,,,,,,,,,,
,,,,,,,,,,,,,,,,
,,,,,,,,,,,,,,,,
,,,,,,,,,,,,,,,,
,,,,,,,,,,,,,,,,
,,,,,,,,,,,,,,,,
,,,,,,,,,,,,,,,,
,,,,,,,,,,,,,,,,
,,,,,,,,,,,,,,,,
,,,,,,,,,,,,,,,,
,,,,,,,,,,,,,,,,
,,,,,,,,,,,,,,,,
,,,,,,,,,,,,,,,,
,,,,,,,,,,,,,,,,
,,,,,,,,,,,,,,,,
,,,,,,,,,,,,,,,,
,,,,,,,,,,,,,,,,
,,,,,,,,,,,,,,,,
,,,,,,,,,,,,,,,,
,,,,,,,,,,,,,,,,
,,,,,,,,,,,,,,,,
,,,,,,,,,,,,,,,,
,,,,,,,,,,,,,,,,
,,,,,,,,,,,,,,,,
,,,,,,,,,,,,,,,,
,,,,,,,,,,,,,,,,
,,,,,,,,,,,,,,,,
,,,,,,,,,,,,,,,,
,,,,,,,,,,,,,,,,
,,,,,,,,,,,,,,,,
,,,,,,,,,,,,,,,,
,,,,,,,,,,,,,,,,
,,,,,,,,,,,,,,,,
,,,,,,,,,,,,,,,,
,,,,,,,,,,,,,,,,
,,,,,,,,,,,,,,,,
,,,,,,,,,,,,,,,,
,,,,,,,,,,,,,,,,
,,,,,,,,,,,,,,,,
,,,,,,,,,,,,,,,,
,,,,,,,,,,,,,,,,
,,,,,,,,,,,,,,,,
,,,,,,,,,,,,,,,,
,,,,,,,,,,,,,,,,
,,,,,,,,,,,,,,,,
,,,,,,,,,,,,,,,,
,,,,,,,,,,,,,,,,
,,,,,,,,,,,,,,,,
,,,,,,,,,,,,,,,,
,,,,,,,,,,,,,,,,
,,,,,,,,,,,,,,,,
,,,,,,,,,,,,,,,,
,,,,,,,,,,,,,,,,
,,,,,,,,,,,,,,,,
,,,,,,,,,,,,,,,,
,,,,,,,,,,,,,,,,
,,,,,,,,,,,,,,,,
,,,,,,,,,,,,,,,,
,,,,,,,,,,,,,,,,
,,,,,,,,,,,,,,,,
,,,,,,,,,,,,,,,,
,,,,,,,,,,,,,,,,
,,,,,,,,,,,,,,,,
,,,,,,,,,,,,,,,,
,,,,,,,,,,,,,,,,
,,,,,,,,,,,,,,,,
,,,,,,,,,,,,,,,,
,,,,,,,,,,,,,,,,
,,,,,,,,,,,,,,,,
,,,,,,,,,,,,,,,,
,,,,,,,,,,,,,,,,
,,,,,,,,,,,,,,,,
,,,,,,,,,,,,,,,,
,,,,,,,,,,,,,,,,
,,,,,,,,,,,,,,,,
,,,,,,,,,,,,,,,,
,,,,,,,,,,,,,,,,
,,,,,,,,,,,,,,,,
,,,,,,,,,,,,,,,,
,,,,,,,,,,,,,,,,
,,,,,,,,,,,,,,,,
,,,,,,,,,,,,,,,,
,,,,,,,,,,,,,,,,
,,,,,,,,,,,,,,,,
,,,,,,,,,,,,,,,,
,,,,,,,,,,,,,,,,
,,,,,,,,,,,,,,,,
,,,,,,,,,,,,,,,,
,,,,,,,,,,,,,,,,
,,,,,,,,,,,,,,,,
,,,,,,,,,,,,,,,,
,,,,,,,,,,,,,,,,
,,,,,,,,,,,,,,,,
,,,,,,,,,,,,,,,,
,,,,,,,,,,,,,,,,
,,,,,,,,,,,,,,,,
,,,,,,,,,,,,,,,,
,,,,,,,,,,,,,,,,
,,,,,,,,,,,,,,,,
,,,,,,,,,,,,,,,,
,,,,,,,,,,,,,,,,
,,,,,,,,,,,,,,,,
,,,,,,,,,,,,,,,,
,,,,,,,,,,,,,,,,
,,,,,,,,,,,,,,,,
,,,,,,,,,,,,,,,,
,,,,,,,,,,,,,,,,
,,,,,,,,,,,,,,,,
,,,,,,,,,,,,,,,,
,,,,,,,,,,,,,,,,
,,,,,,,,,,,,,,,,
,,,,,,,,,,,,,,,,
,,,,,,,,,,,,,,,,
,,,,,,,,,,,,,,,,
,,,,,,,,,,,,,,,,
,,,,,,,,,,,,,,,,
,,,,,,,,,,,,,,,,
,,,,,,,,,,,,,,,,
,,,,,,,,,,,,,,,,
,,,,,,,,,,,,,,,,
,,,,,,,,,,,,,,,,
,,,,,,,,,,,,,,,,
,,,,,,,,,,,,,,,,
,,,,,,,,,,,,,,,,
,,,,,,,,,,,,,,,,
,,,,,,,,,,,,,,,,
,,,,,,,,,,,,,,,,
,,,,,,,,,,,,,,,,
,,,,,,,,,,,,,,,,
,,,,,,,,,,,,,,,,
,,,,,,,,,,,,,,,,
,,,,,,,,,,,,,,,,
,,,,,,,,,,,,,,,,
,,,,,,,,,,,,,,,,
,,,,,,,,,,,,,,,,
,,,,,,,,,,,,,,,,
,,,,,,,,,,,,,,,,
,,,,,,,,,,,,,,,,
,,,,,,,,,,,,,,,,
,,,,,,,,,,,,,,,,
,,,,,,,,,,,,,,,,
,,,,,,,,,,,,,,,,
,,,,,,,,,,,,,,,,
,,,,,,,,,,,,,,,,
,,,,,,,,,,,,,,,,
,,,,,,,,,,,,,,,,
,,,,,,,,,,,,,,,,
,,,,,,,,,,,,,,,,
,,,,,,,,,,,,,,,,
,,,,,,,,,,,,,,,,
,,,,,,,,,,,,,,,,
,,,,,,,,,,,,,,,,
,,,,,,,,,,,,,,,,
,,,,,,,,,,,,,,,,
,,,,,,,,,,,,,,,,
,,,,,,,,,,,,,,,,
,,,,,,,,,,,,,,,,
,,,,,,,,,,,,,,,,
,,,,,,,,,,,,,,,,
,,,,,,,,,,,,,,,,
,,,,,,,,,,,,,,,,
,,,,,,,,,,,,,,,,
,,,,,,,,,,,,,,,,
,,,,,,,,,,,,,,,,
,,,,,,,,,,,,,,,,
,,,,,,,,,,,,,,,,
,,,,,,,,,,,,,,,,
,,,,,,,,,,,,,,,,
,,,,,,,,,,,,,,,,
,,,,,,,,,,,,,,,,
,,,,,,,,,,,,,,,,
,,,,,,,,,,,,,,,,
,,,,,,,,,,,,,,,,
,,,,,,,,,,,,,,,,
,,,,,,,,,,,,,,,,
,,,,,,,,,,,,,,,,
,,,,,,,,,,,,,,,,
,,,,,,,,,,,,,,,,
,,,,,,,,,,,,,,,,
,,,,,,,,,,,,,,,,
,,,,,,,,,,,,,,,,
,,,,,,,,,,,,,,,,
,,,,,,,,,,,,,,,,
,,,,,,,,,,,,,,,,
,,,,,,,,,,,,,,,,
,,,,,,,,,,,,,,,,
,,,,,,,,,,,,,,,,
,,,,,,,,,,,,,,,,
,,,,,,,,,,,,,,,,
,,,,,,,,,,,,,,,,
,,,,,,,,,,,,,,,,
,,,,,,,,,,,,,,,,
,,,,,,,,,,,,,,,,
,,,,,,,,,,,,,,,,
,,,,,,,,,,,,,,,,
,,,,,,,,,,,,,,,,
,,,,,,,,,,,,,,,,
,,,,,,,,,,,,,,,,
,,,,,,,,,,,,,,,,
,,,,,,,,,,,,,,,,
,,,,,,,,,,,,,,,,
,,,,,,,,,,,,,,,,
,,,,,,,,,,,,,,,,
,,,,,,,,,,,,,,,,
,,,,,,,,,,,,,,,,
,,,,,,,,,,,,,,,,
,,,,,,,,,,,,,,,,
,,,,,,,,,,,,,,,,
,,,,,,,,,,,,,,,,
,,,,,,,,,,,,,,,,
,,,,,,,,,,,,,,,,
,,,,,,,,,,,,,,,,
,,,,,,,,,,,,,,,,
,,,,,,,,,,,,,,,,
,,,,,,,,,,,,,,,,
,,,,,,,,,,,,,,,,
,,,,,,,,,,,,,,,,
,,,,,,,,,,,,,,,,
,,,,,,,,,,,,,,,,
,,,,,,,,,,,,,,,,
,,,,,,,,,,,,,,,,
,,,,,,,,,,,,,,,,
,,,,,,,,,,,,,,,,
,,,,,,,,,,,,,,,,
,,,,,,,,,,,,,,,,
,,,,,,,,,,,,,,,,
,,,,,,,,,,,,,,,,
,,,,,,,,,,,,,,,,
,,,,,,,,,,,,,,,,
,,,,,,,,,,,,,,,,
,,,,,,,,,,,,,,,,
,,,,,,,,,,,,,,,,
,,,,,,,,,,,,,,,,
,,,,,,,,,,,,,,,,
,,,,,,,,,,,,,,,,
,,,,,,,,,,,,,,,,
,,,,,,,,,,,,,,,,
,,,,,,,,,,,,,,,,
,,,,,,,,,,,,,,,,
,,,,,,,,,,,,,,,,
,,,,,,,,,,,,,,,,
,,,,,,,,,,,,,,,,
,,,,,,,,,,,,,,,,
,,,,,,,,,,,,,,,,
,,,,,,,,,,,,,,,,
,,,,,,,,,,,,,,,,
,,,,,,,,,,,,,,,,
,,,,,,,,,,,,,,,,
,,,,,,,,,,,,,,,,
,,,,,,,,,,,,,,,,
,,,,,,,,,,,,,,,,
,,,,,,,,,,,,,,,,
,,,,,,,,,,,,,,,,
,,,,,,,,,,,,,,,,
,,,,,,,,,,,,,,,,
,,,,,,,,,,,,,,,,
,,,,,,,,,,,,,,,,
,,,,,,,,,,,,,,,,
,,,,,,,,,,,,,,,,
,,,,,,,,,,,,,,,,
,,,,,,,,,,,,,,,,
,,,,,,,,,,,,,,,,
,,,,,,,,,,,,,,,,
,,,,,,,,,,,,,,,,
,,,,,,,,,,,,,,,,
,,,,,,,,,,,,,,,,
,,,,,,,,,,,,,,,,
,,,,,,,,,,,,,,,,
,,,,,,,,,,,,,,,,
,,,,,,,,,,,,,,,,
,,,,,,,,,,,,,,,,
,,,,,,,,,,,,,,,,
,,,,,,,,,,,,,,,,
,,,,,,,,,,,,,,,,
,,,,,,,,,,,,,,,,
,,,,,,,,,,,,,,,,
,,,,,,,,,,,,,,,,
,,,,,,,,,,,,,,,,
,,,,,,,,,,,,,,,,
,,,,,,,,,,,,,,,,
,,,,,,,,,,,,,,,,
,,,,,,,,,,,,,,,,
,,,,,,,,,,,,,,,,
,,,,,,,,,,,,,,,,
,,,,,,,,,,,,,,,,
,,,,,,,,,,,,,,,,
,,,,,,,,,,,,,,,,
,,,,,,,,,,,,,,,,
,,,,,,,,,,,,,,,,
,,,,,,,,,,,,,,,,
,,,,,,,,,,,,,,,,
,,,,,,,,,,,,,,,,
,,,,,,,,,,,,,,,,
,,,,,,,,,,,,,,,,
,,,,,,,,,,,,,,,,
,,,,,,,,,,,,,,,,
,,,,,,,,,,,,,,,,
,,,,,,,,,,,,,,,,
,,,,,,,,,,,,,,,,
,,,,,,,,,,,,,,,,
,,,,,,,,,,,,,,,,
,,,,,,,,,,,,,,,,
,,,,,,,,,,,,,,,,
,,,,,,,,,,,,,,,,
,,,,,,,,,,,,,,,,
,,,,,,,,,,,,,,,,
,,,,,,,,,,,,,,,,
,,,,,,,,,,,,,,,,
,,,,,,,,,,,,,,,,
,,,,,,,,,,,,,,,,
,,,,,,,,,,,,,,,,
,,,,,,,,,,,,,,,,
,,,,,,,,,,,,,,,,
,,,,,,,,,,,,,,,,
,,,,,,,,,,,,,,,,
,,,,,,,,,,,,,,,,
,,,,,,,,,,,,,,,,
,,,,,,,,,,,,,,,,
,,,,,,,,,,,,,,,,
,,,,,,,,,,,,,,,,
,,,,,,,,,,,,,,,,
,,,,,,,,,,,,,,,,
,,,,,,,,,,,,,,,,
,,,,,,,,,,,,,,,,
,,,,,,,,,,,,,,,,
,,,,,,,,,,,,,,,,
,,,,,,,,,,,,,,,,
,,,,,,,,,,,,,,,,
,,,,,,,,,,,,,,,,
,,,,,,,,,,,,,,,,
,,,,,,,,,,,,,,,,
,,,,,,,,,,,,,,,,
,,,,,,,,,,,,,,,,
,,,,,,,,,,,,,,,,
,,,,,,,,,,,,,,,,
,,,,,,,,,,,,,,,,
,,,,,,,,,,,,,,,,
,,,,,,,,,,,,,,,,
,,,,,,,,,,,,,,,,
,,,,,,,,,,,,,,,,
,,,,,,,,,,,,,,,,
,,,,,,,,,,,,,,,,
,,,,,,,,,,,,,,,,
,,,,,,,,,,,,,,,,
,,,,,,,,,,,,,,,,
,,,,,,,,,,,,,,,,
,,,,,,,,,,,,,,,,
,,,,,,,,,,,,,,,,
,,,,,,,,,,,,,,,,
,,,,,,,,,,,,,,,,
,,,,,,,,,,,,,,,,
,,,,,,,,,,,,,,,,
,,,,,,,,,,,,,,,,
,,,,,,,,,,,,,,,,
,,,,,,,,,,,,,,,,
,,,,,,,,,,,,,,,,
,,,,,,,,,,,,,,,,
,,,,,,,,,,,,,,,,
,,,,,,,,,,,,,,,,
,,,,,,,,,,,,,,,,
,,,,,,,,,,,,,,,,
,,,,,,,,,,,,,,,,
,,,,,,,,,,,,,,,,
,,,,,,,,,,,,,,,,
,,,,,,,,,,,,,,,,
,,,,,,,,,,,,,,,,
,,,,,,,,,,,,,,,,
,,,,,,,,,,,,,,,,
,,,,,,,,,,,,,,,,
,,,,,,,,,,,,,,,,
,,,,,,,,,,,,,,,,
,,,,,,,,,,,,,,,,
,,,,,,,,,,,,,,,,
,,,,,,,,,,,,,,,,
,,,,,,,,,,,,,,,,
,,,,,,,,,,,,,,,,
,,,,,,,,,,,,,,,,
,,,,,,,,,,,,,,,,
,,,,,,,,,,,,,,,,
,,,,,,,,,,,,,,,,
,,,,,,,,,,,,,,,,
,,,,,,,,,,,,,,,,
,,,,,,,,,,,,,,,,
,,,,,,,,,,,,,,,,
,,,,,,,,,,,,,,,,
,,,,,,,,,,,,,,,,
,,,,,,,,,,,,,,,,
,,,,,,,,,,,,,,,,
,,,,,,,,,,,,,,,,
,,,,,,,,,,,,,,,,
,,,,,,,,,,,,,,,,
,,,,,,,,,,,,,,,,
,,,,,,,,,,,,,,,,
,,,,,,,,,,,,,,,,
,,,,,,,,,,,,,,,,
,,,,,,,,,,,,,,,,
,,,,,,,,,,,,,,,,
,,,,,,,,,,,,,,,,
,,,,,,,,,,,,,,,,
,,,,,,,,,,,,,,,,
,,,,,,,,,,,,,,,,
,,,,,,,,,,,,,,,,
,,,,,,,,,,,,,,,,
,,,,,,,,,,,,,,,,
,,,,,,,,,,,,,,,,
,,,,,,,,,,,,,,,,
,,,,,,,,,,,,,,,,
,,,,,,,,,,,,,,,,
,,,,,,,,,,,,,,,,
,,,,,,,,,,,,,,,,
,,,,,,,,,,,,,,,,
,,,,,,,,,,,,,,,,
,,,,,,,,,,,,,,,,
,,,,,,,,,,,,,,,,
,,,,,,,,,,,,,,,,
,,,,,,,,,,,,,,,,
,,,,,,,,,,,,,,,,
,,,,,,,,,,,,,,,,
,,,,,,,,,,,,,,,,
,,,,,,,,,,,,,,,,
,,,,,,,,,,,,,,,,
,,,,,,,,,,,,,,,,
,,,,,,,,,,,,,,,,
,,,,,,,,,,,,,,,,
,,,,,,,,,,,,,,,,
,,,,,,,,,,,,,,,,
,,,,,,,,,,,,,,,,
,,,,,,,,,,,,,,,,
,,,,,,,,,,,,,,,,
,,,,,,,,,,,,,,,,
,,,,,,,,,,,,,,,,
,,,,,,,,,,,,,,,,
,,,,,,,,,,,,,,,,
,,,,,,,,,,,,,,,,
,,,,,,,,,,,,,,,,
,,,,,,,,,,,,,,,,
,,,,,,,,,,,,,,,,
,,,,,,,,,,,,,,,,
,,,,,,,,,,,,,,,,
,,,,,,,,,,,,,,,,
,,,,,,,,,,,,,,,,
,,,,,,,,,,,,,,,,
,,,,,,,,,,,,,,,,
,,,,,,,,,,,,,,,,
,,,,,,,,,,,,,,,,
,,,,,,,,,,,,,,,,
,,,,,,,,,,,,,,,,
,,,,,,,,,,,,,,,,
,,,,,,,,,,,,,,,,
,,,,,,,,,,,,,,,,
,,,,,,,,,,,,,,,,
,,,,,,,,,,,,,,,,
,,,,,,,,,,,,,,,,
,,,,,,,,,,,,,,,,
,,,,,,,,,,,,,,,,
,,,,,,,,,,,,,,,,
,,,,,,,,,,,,,,,,
,,,,,,,,,,,,,,,,
,,,,,,,,,,,,,,,,
,,,,,,,,,,,,,,,,
,,,,,,,,,,,,,,,,
,,,,,,,,,,,,,,,,
,,,,,,,,,,,,,,,,
,,,,,,,,,,,,,,,,
,,,,,,,,,,,,,,,,
,,,,,,,,,,,,,,,,
,,,,,,,,,,,,,,,,
,,,,,,,,,,,,,,,,
,,,,,,,,,,,,,,,,
,,,,,,,,,,,,,,,,
,,,,,,,,,,,,,,,,
,,,,,,,,,,,,,,,,
,,,,,,,,,,,,,,,,
,,,,,,,,,,,,,,,,
,,,,,,,,,,,,,,,,
,,,,,,,,,,,,,,,,
,,,,,,,,,,,,,,,,
,,,,,,,,,,,,,,,,
,,,,,,,,,,,,,,,,
,,,,,,,,,,,,,,,,
,,,,,,,,,,,,,,,,
,,,,,,,,,,,,,,,,
,,,,,,,,,,,,,,,,
,,,,,,,,,,,,,,,,
,,,,,,,,,,,,,,,,
,,,,,,,,,,,,,,,,
,,,,,,,,,,,,,,,,
,,,,,,,,,,,,,,,,
,,,,,,,,,,,,,,,,
,,,,,,,,,,,,,,,,
,,,,,,,,,,,,,,,,
,,,,,,,,,,,,,,,,
,,,,,,,,,,,,,,,,
,,,,,,,,,,,,,,,,
,,,,,,,,,,,,,,,,
,,,,,,,,,,,,,,,,
,,,,,,,,,,,,,,,,
,,,,,,,,,,,,,,,,
,,,,,,,,,,,,,,,,
,,,,,,,,,,,,,,,,
,,,,,,,,,,,,,,,,
,,,,,,,,,,,,,,,,
